var_error,es_error,kurtosis,mean,w2,mean_error,var_of_returns_error,acf_returns_lag1,acf_returns_lag5,acf_returns_lag20,acf_abs_lag1,acf_abs_lag5,acf_abs_lag20,acf_sq_lag1,acf_sq_lag5,acf_sq_lag20,generation,seed,condition,alpha
0.013761591,0.019103374,1.820164343,0.001307569,0.004399942,0.001079972,5.78E-05,0.061228226,0.034164109,-0.006629652,0.109479616,0.067117117,-0.005098063,0.144821384,0.110150088,-0.003126281,0,0,accumulation,0.9
0.017234393,0.022611551,2.279847258,-0.000953578,0.006358564,0.001181174,0.000119156,0.162503793,-0.111886335,-0.008683752,0.182111512,0.111009205,-0.012454665,0.26293102,0.174405967,-0.011633797,1,0,accumulation,0.9
0.006247705,0.00818409,2.959541453,-0.004638608,0.007375788,0.004866205,9.94E-05,0.148924749,0.102181464,-0.011448196,0.157448313,0.0956044,-0.01257463,0.167030403,0.086564306,-0.011629409,2,0,accumulation,0.9
0.017457921,0.022994464,1.086807783,0.005218086,0.006609505,0.004990489,5.84E-05,0.058037537,0.012116942,-0.013205672,0.113569083,0.052584608,-0.00944205,0.187273756,0.090072865,-0.009152163,3,0,accumulation,0.9
0.004899656,0.00898407,2.384117947,-0.006244374,0.008094922,0.006471971,9.03E-05,0.004935978,-0.000385252,-0.00984825,0.111235962,0.046195082,-0.006679062,0.153813609,0.081665863,-0.006202709,4,0,accumulation,0.9
0.01628352,0.022992827,4.094434333,6.58E-07,0.004819139,0.000226939,7.80E-05,0.130580887,0.08246015,-0.012696768,0.105257526,0.026555993,-0.013996401,0.122670441,0.026040185,-0.013309811,5,0,accumulation,0.9
0.019697035,0.025962863,1.317931397,0.00150929,0.006165279,0.001281693,0.000111483,0.067080876,-0.039878988,-0.015218116,0.114847127,0.023571378,-0.009410764,0.197629674,0.040730332,-0.008184479,6,0,accumulation,0.9
0.008991002,0.013628699,1.195013689,-0.007069319,0.00955559,0.007296916,0.000112824,0.057658061,0.002766406,-0.003985937,0.077559668,0.00461164,-0.006344877,0.123736581,0.010115105,-0.006086418,7,0,accumulation,0.9
0.019319485,0.026438292,2.945042618,-0.000578393,0.006422873,0.00080599,0.000117717,0.075136855,0.006317255,-0.008849666,0.081720421,-0.007613661,-0.012076801,0.098128146,-0.009761651,-0.011505713,8,0,accumulation,0.9
0.010233656,0.014965638,1.056575033,-0.004829316,0.007660017,0.005056913,0.000102989,0.051952126,-0.013568501,-0.011532053,0.067710215,-0.012536316,-0.009508117,0.078868156,-0.01258566,-0.010428542,9,0,accumulation,0.9
0.014782775,0.018753716,1.065128383,0.004137978,0.006025568,0.003910381,6.91E-05,0.049992808,-0.014207275,-0.0115554,0.030661117,-0.009264367,-0.010173391,0.035532261,-0.01020259,-0.011942471,10,0,accumulation,0.9
0.022308314,0.028491242,2.046286907,0.001207479,0.007191948,0.000979882,0.00013078,-0.016360874,-0.006051945,-0.009352133,0.054420236,-0.013082612,-0.009968361,0.083540382,-0.013185705,-0.009507205,11,0,accumulation,0.9
0.015253091,0.022137263,0.583178318,-0.004470318,0.008315023,0.004697915,0.00012417,0.041247734,-0.007446299,-0.008027609,0.031906609,-0.008386393,-0.00827801,0.034803182,-0.008922071,-0.009607136,12,0,accumulation,0.9
0.021443414,0.027822842,0.502063735,0.005103684,0.007556392,0.004876087,0.000100603,0.009223724,-0.00543844,-0.010687429,0.021494304,-0.004475016,-0.011077118,0.020027625,-0.006100232,-0.010898039,13,0,accumulation,0.9
0.021863932,0.029327076,2.454704972,-0.001256895,0.008164557,0.001484492,0.000141981,0.00592009,-0.009508451,-0.012512552,0.023261934,-0.008077011,-0.008440537,0.023740765,-0.00859126,-0.007902118,14,0,accumulation,0.9
0.013761591,0.019103374,1.820164343,0.001307569,0.004399942,0.001079972,5.78E-05,0.061228226,0.034164109,-0.006629652,0.109479616,0.067117117,-0.005098063,0.144821384,0.110150088,-0.003126281,0,0,accumulation,0.75
0.017720161,0.02300124,2.174057266,-0.000179217,0.006251401,0.000406814,0.000118921,0.160120145,-0.11610154,-0.00867365,0.178010161,0.112477551,-0.011108348,0.255978595,0.179255264,-0.009735378,1,0,accumulation,0.75
0.007691716,0.009622488,2.956665526,-0.003286179,0.006558565,0.003513775,9.95E-05,0.143039381,0.103626481,-0.011795674,0.141794163,0.084740027,-0.013232619,0.151440467,0.078453048,-0.012129982,2,0,accumulation,0.75
0.018367359,0.023974223,0.919627212,0.005433357,0.006919667,0.00520576,6.71E-05,0.050650868,0.00604347,-0.012676228,0.096598157,0.041568786,-0.009327193,0.157585134,0.071342108,-0.009321956,3,0,accumulation,0.75
0.014134651,0.017743829,2.646421948,0.003824701,0.006307945,0.003597104,9.79E-05,0.044443905,0.019575626,-0.011593721,0.096676306,0.030759118,-0.010238601,0.130972211,0.053260158,-0.007935376,4,0,accumulation,0.75
0.023889215,0.030795307,3.324171954,0.006283853,0.008053439,0.006056256,9.24E-05,0.103094137,0.064731417,-0.005998398,0.11854145,0.063946958,-0.010157536,0.137307901,0.058106138,-0.011250588,5,0,accumulation,0.75
0.015439559,0.020626425,1.66087879,-0.001089357,0.005879451,0.001316953,0.000107742,0.113526499,-0.078929157,-0.013949901,0.141075576,0.079624174,-0.007310093,0.196312427,0.118873779,-0.004872521,6,0,accumulation,0.75
0.011459287,0.015251387,1.679803588,0.002264068,0.005492517,0.002036471,8.87E-05,0.103437367,0.069293133,-0.011066439,0.094504955,0.041515865,-0.010997625,0.131118554,0.065884654,-0.009322538,7,0,accumulation,0.75
0.017950993,0.024727963,1.999037138,0.000476633,0.005437336,0.000249036,9.55E-05,0.091130005,0.06367849,-0.007624601,0.083886396,0.020562156,-0.011424421,0.101927217,0.019696093,-0.011014059,8,0,accumulation,0.75
0.007473128,0.010780163,1.467601533,-0.004058514,0.006623662,0.004286111,8.54E-05,0.089982645,-0.012703725,-0.012368286,0.101346493,-0.011764259,-0.012142743,0.11947627,-0.013436562,-0.012316659,9,0,accumulation,0.75
0.007414796,0.008571949,1.752252616,0.002460423,0.004502018,0.002232826,3.95E-05,0.054766825,-0.004389797,-0.008443897,0.064034059,-0.008685598,-0.011603465,0.073986836,-0.010296598,-0.012800383,10,0,accumulation,0.75
0.022527542,0.029547644,2.853180352,0.002127877,0.006776793,0.00190028,0.000120652,0.049249076,-0.033251284,-0.009910326,0.100077601,-0.002796083,-0.010932862,0.183824394,0.002023003,-0.009973996,11,0,accumulation,0.75
0.01276205,0.018683521,1.322042373,-0.002550806,0.005943063,0.002778403,9.16E-05,0.114508819,0.001871909,-0.011149319,0.065610053,-0.012520536,-0.010853207,0.072122303,-0.012174254,-0.011870537,12,0,accumulation,0.75
0.01188342,0.016107373,1.029634624,0.000202918,0.005008645,2.47E-05,8.43E-05,0.012402456,-0.018832925,-0.00818371,0.054682222,0.001724317,-0.012826247,0.080977176,0.004063279,-0.011046699,13,0,accumulation,0.75
0.019028629,0.025841133,2.605598572,-0.001832345,0.007195771,0.002059942,0.000127699,0.085393263,-0.042934932,-0.005173897,0.086720864,0.028764875,-0.01030494,0.134070743,0.048877513,-0.008552975,14,0,accumulation,0.75
0.013761591,0.019103374,1.820164343,0.001307569,0.004399942,0.001079972,5.78E-05,0.061228226,0.034164109,-0.006629652,0.109479616,0.067117117,-0.005098063,0.144821384,0.110150088,-0.003126281,0,0,accumulation,0.5
0.017165247,0.022597706,2.403020648,-0.000794387,0.006221601,0.001021984,0.000117231,0.16161628,-0.118799729,-0.008282996,0.181255262,0.114198644,-0.010272522,0.267221317,0.184197185,-0.009140701,1,0,accumulation,0.5
0.004926221,0.006690051,2.913613785,-0.00500223,0.007469873,0.005229827,9.40E-05,0.141392143,0.113860821,-0.003764069,0.155316705,0.107879191,-0.007711766,0.162966251,0.097996555,-0.007581001,2,0,accumulation,0.5
0.010966872,0.016552634,1.40450101,-0.000855105,0.004256359,0.001082702,4.65E-05,0.097875755,0.049540591,-0.010997856,0.10875965,0.055774217,-0.00475074,0.15415316,0.089339832,-0.00301231,3,0,accumulation,0.5
0.005805186,0.009699214,2.412769001,-0.004606495,0.006956855,0.004834092,9.33E-05,0.02070349,0.009363956,-0.010938172,0.131283807,0.072244408,-0.006901731,0.166053899,0.117859741,-0.005449967,4,0,accumulation,0.5
0.022547781,0.029254038,3.217167316,0.006901339,0.008170457,0.006673742,7.26E-05,0.091782245,0.090828926,-0.005441217,0.111500163,0.097640153,-0.009638071,0.126502614,0.100440474,-0.010852731,5,0,accumulation,0.5
0.011508353,0.016812853,2.135116248,-0.003394948,0.006350198,0.003622545,9.81E-05,0.141828612,-0.112027765,-0.011896367,0.146000961,0.103522586,-0.006389683,0.194320538,0.162923812,-0.003913718,6,0,accumulation,0.5
0.008440821,0.012155525,1.606188195,0.001240952,0.004800237,0.001013355,7.59E-05,0.101366255,0.06907536,-0.004664954,0.124004613,0.07888022,-0.013329261,0.157358188,0.124875774,-0.010975444,7,0,accumulation,0.5
0.017228093,0.02387404,1.972633706,0.001503626,0.004997769,0.001276029,7.58E-05,0.109877557,0.089175675,-0.005569819,0.097515048,0.049596085,-0.012071667,0.115999366,0.052589681,-0.011187897,8,0,accumulation,0.5
0.009165553,0.012356478,2.041002001,0.002855754,0.005204361,0.002628157,7.32E-05,0.077203803,0.052270508,-0.00357455,0.088478114,0.036957734,-0.010810565,0.12670847,0.060869031,-0.01141557,9,0,accumulation,0.5
0.006873414,0.00864096,1.462158868,0.001648867,0.004067645,0.00142127,8.04E-06,-0.079990624,0.04508666,-0.010685588,0.076874193,0.007219922,-0.01111309,0.086459281,0.003975389,-0.011735355,10,0,accumulation,0.5
0.016894716,0.022949034,1.77486531,0.000243459,0.005649309,1.59E-05,0.000104648,0.169655711,-0.065045774,-0.014902176,0.11780437,0.057255555,-0.012755273,0.17834841,0.101350746,-0.010978569,11,0,accumulation,0.5
0.008637067,0.012335941,1.479116582,-0.000806504,0.005135114,0.001034101,8.65E-05,0.102604567,0.060923074,0.000899521,0.109745688,0.064916734,-0.01117978,0.163557962,0.108054356,-0.009442398,12,0,accumulation,0.5
0.000165736,0.002473898,1.652552298,-0.001431939,0.004206772,0.001659536,3.28E-05,0.065719823,0.043405379,-0.000935237,0.11566252,0.065360661,-0.009410224,0.149962239,0.104499159,-0.006828476,13,0,accumulation,0.5
0.01516842,0.021590447,2.028976113,-0.002157765,0.005838149,0.002385362,9.52E-05,0.101348987,0.054774537,-0.009386932,0.099560762,0.050472373,-0.009608047,0.147847714,0.079340049,-0.008095876,14,0,accumulation,0.5
0.005358503,0.007345311,2.00409948,-0.002806215,0.005614554,0.003046816,7.58E-05,0.078093028,0.091236406,-0.003696192,0.10961969,0.075340719,-0.013279609,0.111738141,0.075442073,-0.011933099,0,1,accumulation,0.9
0.024520247,0.031514502,2.14797899,0.005599419,0.007994517,0.005358817,0.000109631,0.051831752,0.046270544,-0.010667247,0.096738527,0.070265173,-0.013116827,0.150236769,0.125856141,-0.01277862,1,1,accumulation,0.9
0.01371349,0.018045559,2.069345308,-0.001009282,0.006332238,0.001249883,0.000118533,0.156773421,-0.115745525,-0.009065205,0.146498138,0.099792389,-0.004369369,0.207304039,0.169931669,-0.000795202,2,1,accumulation,0.9
0.001980326,0.002906501,0.558315983,-0.005189193,0.006904329,0.005429794,1.06E-05,0.055044092,0.053196417,0.003321905,0.10281968,0.057392232,-0.008907316,0.142351435,0.091068189,-0.008162496,3,1,accumulation,0.9
0.004654502,0.005517799,2.795172817,-0.001222596,0.004957986,0.001463197,8.08E-05,0.120982513,0.073791546,-0.003075125,0.149479406,0.091865227,-0.00974398,0.215972235,0.155083208,-0.006978705,4,1,accumulation,0.9
0.011546365,0.015601303,2.099377686,0.001880931,0.005241409,0.001640329,9.34E-05,0.12259644,-0.101497046,-0.012007301,0.141103642,0.086988747,-0.015957963,0.190473086,0.14632174,-0.013506615,5,1,accumulation,0.9
0.00836558,0.012982025,1.570486306,-0.000737337,0.005204944,0.000977939,9.06E-05,0.090830785,0.053410199,-0.01312312,0.131679126,0.078414335,-0.010439661,0.164978763,0.129445239,-0.00835511,6,1,accumulation,0.9
0.014349583,0.019778149,0.918828046,0.000303956,0.005163126,6.34E-05,9.06E-05,0.113981525,-0.087379813,-0.010846509,0.114310181,0.063971083,-0.010041415,0.154041426,0.094143362,-0.01003717,7,1,accumulation,0.9
0.016689202,0.02332602,1.811125,0.00092646,0.005062624,0.000685859,8.40E-05,0.094391005,0.048503143,-0.014982052,0.088329074,0.026024359,-0.011225581,0.100677405,0.029183214,-0.012536731,8,1,accumulation,0.9
0.019493535,0.025740968,1.43652574,0.000532836,0.006383255,0.000292234,0.000119426,0.029385813,-0.001042731,-0.00660102,0.103945189,0.02410699,-0.009994036,0.129834735,0.037813194,-0.008944122,9,1,accumulation,0.9
0.019064792,0.023511227,1.522404625,0.00296104,0.006853237,0.002720438,0.00011671,0.033155867,0.012381771,-0.009644958,0.04106281,-0.006504935,-0.011514303,0.046880888,-0.006461576,-0.012159475,10,1,accumulation,0.9
0.022965473,0.030992822,1.400861599,-0.00190491,0.008739774,0.002145511,0.00014948,0.051248199,-0.006788518,-0.010476367,0.03727928,-0.006672694,-0.015054861,0.042553159,-0.007832275,-0.014798155,11,1,accumulation,0.9
0.02040411,0.027603492,0.605336268,-0.001837691,0.008098947,0.002078292,0.000140505,-0.017530475,-0.007581582,-0.007910501,0.014778918,-0.005914186,-0.013890594,0.016773811,-0.006255637,-0.012814149,12,1,accumulation,0.9
0.008543875,0.013822529,0.804250636,-0.001459509,0.004847724,0.00170011,5.11E-05,-0.016681615,-0.009500011,-0.009299537,0.013637196,-0.005792077,-0.009484633,0.013539073,-0.008017809,-0.010768823,13,1,accumulation,0.9
0.0222412,0.02945962,0.522825315,0.000209981,0.007729264,3.06E-05,0.00013895,-0.013219508,-0.008275735,-0.012708436,0.021860651,-0.005745511,-0.012380814,0.022612554,-0.007703466,-0.011642136,14,1,accumulation,0.9
0.005358503,0.007345311,2.00409948,-0.002806215,0.005614554,0.003046816,7.58E-05,0.078093028,0.091236406,-0.003696192,0.10961969,0.075340719,-0.013279609,0.111738141,0.075442073,-0.011933099,0,1,accumulation,0.75
0.018266503,0.025310926,2.899427175,-0.000458136,0.005690938,0.000698738,0.000103448,0.102281113,0.081784861,-0.003703298,0.114018594,0.075361023,-0.013106508,0.168729881,0.129643795,-0.01076842,1,1,accumulation,0.75
0.013901477,0.018103931,2.042631885,-0.000106394,0.006140838,0.000346995,0.000116564,0.147452708,-0.107684273,-0.007842232,0.145274344,0.097136039,-0.00486375,0.205429384,0.16338682,-0.001319927,2,1,accumulation,0.75
0.003951371,0.000444825,0.536424143,-0.008088747,0.009371687,0.008329348,1.30E-05,0.033425285,0.036051576,-0.001700909,0.071384879,0.04551814,-0.009150209,0.10985874,0.07224497,-0.008206021,3,1,accumulation,0.75
0.0043029,0.005667563,2.889274895,-0.00165601,0.005213111,0.001896611,8.45E-05,0.130974797,0.087271311,0.001310098,0.152804517,0.104353677,-0.009810503,0.207963889,0.174369347,-0.006870827,4,1,accumulation,0.75
0.012038773,0.015195407,2.323029305,0.002894635,0.005519827,0.002654033,9.07E-05,0.120530142,-0.109419597,-0.011615127,0.131700938,0.085266792,-0.015460138,0.173486058,0.144243974,-0.012840805,5,1,accumulation,0.75
0.006740489,0.011561736,1.353675072,-0.003798774,0.00666722,0.004039376,9.46E-05,0.071528922,0.038225826,-0.01239261,0.123154413,0.075009365,-0.012427732,0.154449419,0.130185517,-0.012121077,6,1,accumulation,0.75
0.012176461,0.017918303,1.215477271,-0.002478619,0.005746453,0.002719221,8.90E-05,0.117664731,-0.096470065,-0.007369681,0.098571582,0.062949232,-0.012228706,0.136170427,0.094542851,-0.012628645,7,1,accumulation,0.75
0.018726663,0.024442786,1.682581685,0.003489071,0.00599435,0.003248469,8.73E-05,0.015544032,0.064682725,-0.013606229,0.090402257,0.043835724,-0.016974218,0.103753269,0.045245986,-0.018272415,8,1,accumulation,0.75
0.0073158,0.012303665,1.482157368,-0.008546555,0.010570858,0.008787156,0.000110711,0.009479526,0.009724029,-0.008814122,0.03284308,0.018416418,-0.010486222,0.055076135,0.036012507,-0.011913705,9,1,accumulation,0.75
0.019074034,0.024148229,1.347398491,0.001928584,0.006795479,0.001687982,0.000121801,-0.01007952,0.039781931,-0.006569025,0.042396493,-0.004284315,-0.012116395,0.047916533,-0.003664076,-0.0119857,10,1,accumulation,0.75
0.026562509,0.034400731,1.61224059,0.002571458,0.00839736,0.002330856,0.000144589,0.058413485,0.001000696,-0.01128256,0.074057918,-0.005185468,-0.01096332,0.087290371,-0.005698134,-0.010591469,11,1,accumulation,0.75
0.02165102,0.02841372,1.98517463,0.000875977,0.00696016,0.000635376,0.000129292,0.0552436,-0.047241919,0.00136087,0.090632004,0.024538105,-0.01121472,0.143409484,0.041528116,-0.008170297,12,1,accumulation,0.75
0.019202473,0.025282953,1.023572547,0.002576196,0.006194253,0.002335594,0.000103333,0.031651793,-0.003577998,-0.008747706,0.071751004,-0.002679576,-0.011969759,0.07931288,-0.004196269,-0.012339897,13,1,accumulation,0.75
0.013210054,0.017330981,1.757675296,-0.00268188,0.006881979,0.002922482,0.000115712,0.041073195,0.003173448,-0.013380052,0.094754524,-0.00217292,-0.010826756,0.113007689,-0.005322463,-0.01150945,14,1,accumulation,0.75
0.005358503,0.007345311,2.00409948,-0.002806215,0.005614554,0.003046816,7.58E-05,0.078093028,0.091236406,-0.003696192,0.10961969,0.075340719,-0.013279609,0.111738141,0.075442073,-0.011933099,0,1,accumulation,0.5
0.018879383,0.025912432,2.983274895,0.000155792,0.005646264,8.48E-05,0.000103548,0.106389152,0.078916377,-0.005685616,0.128594675,0.089724927,-0.011539431,0.186360285,0.152031532,-0.009038514,1,1,accumulation,0.5
0.014821433,0.01892011,2.161833012,0.002566497,0.006323751,0.002325896,0.00011168,0.158475103,-0.117366073,-0.008307863,0.149447478,0.100520953,-0.004723781,0.193281822,0.170553075,-0.002111509,2,1,accumulation,0.5
0.012704079,0.009064038,0.489158867,-0.00881252,0.010585706,0.009053121,7.64E-05,0.049057176,0.04983525,0.005168805,0.082786541,0.052880517,-0.005076071,0.113830275,0.078864678,-0.003880994,3,1,accumulation,0.5
0.000420905,0.00140484,2.20124568,-0.006964991,0.008600763,0.007205592,7.88E-05,0.09367665,0.054452295,0.000910484,0.127690175,0.081756465,-0.003051169,0.177219349,0.151788446,-0.002169732,4,1,accumulation,0.5
0.011696769,0.015047174,2.414911529,0.003299158,0.005702315,0.003058557,9.04E-05,0.133138107,-0.109434866,-0.014019835,0.133948586,0.08540537,-0.014225354,0.180550117,0.143587324,-0.011202887,5,1,accumulation,0.5
0.007501215,0.011963069,1.591235229,-0.001832328,0.005555147,0.002072929,9.16E-05,0.089299334,0.055037153,-0.01303795,0.133191807,0.083193503,-0.009960766,0.167120074,0.140306492,-0.008497107,6,1,accumulation,0.5
0.011760024,0.01720185,1.222079041,-0.002140684,0.00552773,0.002381286,8.82E-05,0.12395163,-0.098824986,-0.009713715,0.118582013,0.076512815,-0.011459687,0.154549312,0.116741888,-0.011880514,7,1,accumulation,0.5
0.016797411,0.023289282,2.059889313,0.00239329,0.005058419,0.002152688,6.75E-05,0.105088124,0.069082103,-0.013962224,0.104757653,0.05666272,-0.014487706,0.115653731,0.061292685,-0.014977767,8,1,accumulation,0.5
0.01104695,0.015368953,1.683075645,-0.000213512,0.00526719,0.000454114,9.68E-05,0.03328396,0.038569296,-0.005434664,0.13307788,0.06943386,-0.010220389,0.158341324,0.100878297,-0.009814598,9,1,accumulation,0.5
0.016220686,0.020749434,2.093359164,-0.000265446,0.005578478,0.000506048,0.00010538,0.027737845,0.027368394,-0.002049387,0.141453575,0.074885606,-0.006640927,0.17054905,0.111768493,-0.004478332,10,1,accumulation,0.5
0.020187103,0.025771439,2.28412477,0.001631301,0.005946009,0.0013907,0.000106972,0.033835843,0.087228105,-0.011797569,0.133638582,0.061260645,-0.014808904,0.149130135,0.066030707,-0.015618379,11,1,accumulation,0.5
0.015795328,0.02211703,1.979623669,-0.001764163,0.006225811,0.002004765,0.000111571,0.137566905,-0.104258599,0.005655539,0.140713985,0.082791557,-0.010150398,0.204332947,0.13828766,-0.008489714,12,1,accumulation,0.5
0.016542389,0.022582234,1.690478358,0.003647469,0.00560549,0.003406868,5.72E-05,0.127177849,0.081560522,-0.015147782,0.118300201,0.059526397,-0.012577163,0.128080931,0.060000145,-0.013529667,13,1,accumulation,0.5
0.006604483,0.008093413,2.34364903,-0.001681596,0.005075694,0.001922197,7.64E-05,0.046645871,0.058054064,-0.005644084,0.109032059,0.048347013,-0.014292698,0.126827464,0.051945648,-0.014868981,14,1,accumulation,0.5
0.006933454,0.010396033,2.908960914,-0.002821954,0.004817583,0.003053905,2.51E-05,0.110821443,0.06452297,0.007201213,0.098731429,0.059979483,-0.013666239,0.121942136,0.088172172,-0.010488438,0,2,accumulation,0.9
0.013405751,0.019775076,2.056999865,-0.001563942,0.005366533,0.001795893,8.72E-05,0.143082981,-0.073314129,-8.99E-05,0.079618698,0.048167599,-0.014499799,0.086997688,0.053807558,-0.015068752,1,2,accumulation,0.9
0.009933273,0.012795534,2.30569445,-0.003495375,0.007008125,0.003727326,0.000111075,0.044838795,0.019605749,-0.015141975,0.099566918,0.043961832,-0.012740014,0.137561136,0.073015429,-0.01106254,2,2,accumulation,0.9
0.010088211,0.014209717,1.48269513,-0.003886129,0.007055865,0.00411808,0.000104389,0.014801126,0.041814788,-0.011095567,0.084798125,0.02816721,-0.012084088,0.093505574,0.024605682,-0.012644941,3,2,accumulation,0.9
0.009855746,0.01467859,1.05724634,-0.002618819,0.005933094,0.00285077,8.58E-05,0.063998113,-0.00030873,-0.008143619,0.057861424,-0.005384317,-0.010054005,0.062717882,-0.006361507,-0.011391327,4,2,accumulation,0.9
0.012943797,0.017867993,1.056140059,-0.002764722,0.006757022,0.002996673,0.000109862,0.045931508,-0.002690015,-0.010607163,0.066242627,-0.003421685,-0.010264784,0.072405906,-0.006034466,-0.011045895,5,2,accumulation,0.9
0.020288112,0.025989813,1.662216532,0.001447168,0.007058507,0.001215217,0.000127155,0.029259543,-0.007510262,-0.006955563,0.033588624,-0.009440449,-0.013334561,0.041156132,-0.009418484,-0.013966807,6,2,accumulation,0.9
0.025398786,0.032909416,0.689907178,0.001527481,0.008426831,0.00129553,0.00014682,0.008125004,-0.010674444,-0.010809216,0.023739792,-0.00805888,-0.007978187,0.024584126,-0.008464367,-0.008179485,7,2,accumulation,0.9
0.016455137,0.023627886,0.696098246,-0.005497413,0.009520011,0.005729364,0.000136963,-0.000781907,-0.002665105,-0.012120593,0.005298227,-0.006789074,-0.013369609,0.00858199,-0.007365666,-0.013671333,8,2,accumulation,0.9
0.022344292,0.029854905,0.500606377,-0.000287023,0.007872786,0.000518974,0.00014017,0.004503266,-0.007420122,-0.012024952,0.021598487,-0.007638687,-0.010687423,0.024202118,-0.008454153,-0.012041486,9,2,accumulation,0.9
0.025084539,0.032767007,0.688122141,0.001424137,0.008269869,0.001192186,0.000144744,0.007769424,-0.013674009,-0.008768735,0.019813184,-0.004839036,-0.013203389,0.019978106,-0.006094709,-0.013261513,10,2,accumulation,0.9
0.019687634,0.026555372,0.522189098,-0.000129497,0.006951981,0.000361448,0.000125639,-0.002104307,-0.008499838,-0.007965978,0.016610774,-0.010448855,-0.011475486,0.017396081,-0.009112903,-0.013613419,11,2,accumulation,0.9
0.025939819,0.033723428,0.583461193,0.001390318,0.008597558,0.001158367,0.000148883,-0.000292173,-0.008080796,-0.010816239,0.016093587,-0.006550442,-0.009932854,0.015843084,-0.007252981,-0.008766723,12,2,accumulation,0.9
0.019258143,0.026687078,0.605458035,-0.003267547,0.008540086,0.003499498,0.000139481,-0.015203056,-0.010008661,-0.010730213,0.003302225,-0.010639555,-0.007673241,0.003129907,-0.010820557,-0.006722955,13,2,accumulation,0.9
0.022419203,0.030259385,0.542296648,-0.00239652,0.009080326,0.002628471,0.000150831,-0.001337041,-0.003549226,-0.00636461,0.017817182,-0.006047986,-0.008915117,0.019041028,-0.006225922,-0.009884119,14,2,accumulation,0.9
0.006933454,0.010396033,2.908960914,-0.002821954,0.004817583,0.003053905,2.51E-05,0.110821443,0.06452297,0.007201213,0.098731429,0.059979483,-0.013666239,0.121942136,0.088172172,-0.010488438,0,2,accumulation,0.75
0.013608361,0.019970627,2.185095398,-0.001114265,0.005077121,0.001346216,8.22E-05,0.155825009,-0.082135006,0.000412166,0.085627736,0.04632896,-0.014490099,0.095030143,0.049864575,-0.014955429,1,2,accumulation,0.75
0.00943641,0.011463292,2.922409255,-0.00074017,0.005616656,0.000972121,0.000102631,0.077458746,0.037197672,-0.01803241,0.129986705,0.054583616,-0.013219141,0.177068848,0.089449439,-0.010124563,2,2,accumulation,0.75
0.016055502,0.018736133,2.41411634,0.003003272,0.005556532,0.002771321,8.68E-05,-0.093524856,0.092563362,-0.007432696,0.085275795,0.055219905,-0.016530782,0.104000173,0.053943887,-0.015526309,3,2,accumulation,0.75
0.016597258,0.022196661,2.211514185,0.004810333,0.006317801,0.004578382,5.35E-05,0.099432599,0.072061453,-0.003510763,0.097956929,0.049205535,-0.008547245,0.106927346,0.045682932,-0.008736479,4,2,accumulation,0.75
0.010724096,0.01608438,0.98307722,-0.000839562,0.004553697,0.001071513,5.81E-05,0.088095441,0.056549802,-0.010222333,0.062886651,0.005367007,-0.009950494,0.070084221,0.003708204,-0.009229591,5,2,accumulation,0.75
0.018224263,0.022964961,1.913486418,0.002322951,0.006455275,0.002091,0.000111392,0.036242089,0.015889688,-0.007036662,0.035997191,-0.00888658,-0.012088723,0.041998739,-0.008726575,-0.012547721,6,2,accumulation,0.75
0.026852659,0.034041885,1.367679472,0.004695972,0.008655155,0.004464021,0.000135129,0.062824862,0.003263433,-0.011859274,0.079042599,0.00507441,-0.009571285,0.090523418,0.002359426,-0.010976764,7,2,accumulation,0.75
0.016433957,0.022972386,1.222249841,-0.002270496,0.006731962,0.002502447,0.000114744,0.039535089,-1.89E-05,-0.013289648,0.035520762,-0.012116383,-0.011512266,0.043204072,-0.011258143,-0.011464145,8,2,accumulation,0.75
0.021274849,0.027955169,1.216284228,0.001177226,0.007087563,0.000945275,0.000128931,-0.023686488,-0.005069862,-0.006493546,0.065309741,-0.009710216,-0.01015276,0.086236311,-0.009712504,-0.010641764,9,2,accumulation,0.75
0.018383265,0.021398414,2.301223295,-0.000868632,0.007330934,0.001100583,0.000133648,0.071045675,-0.0443999,-0.014820082,0.087516579,0.012369718,-0.010978746,0.136894623,0.021522897,-0.008247982,10,2,accumulation,0.75
0.020236611,0.025742581,1.430855384,0.004079589,0.006829228,0.003847638,0.00010382,0.066743506,-0.038165246,-0.013135682,0.072204488,0.004355709,-0.013992001,0.118282004,0.012376387,-0.01376031,11,2,accumulation,0.75
0.018460471,0.024121582,1.835600161,0.001862743,0.007283044,0.001630792,0.000131399,0.097643808,-0.052252514,-0.007561394,0.120052352,0.041588564,-0.009374672,0.179444706,0.062075912,-0.00700517,12,2,accumulation,0.75
0.018606601,0.02389431,2.057787095,0.000145805,0.006152722,8.61E-05,0.000115941,0.022694125,0.008327616,-0.010354938,0.107167204,0.033330185,-0.010369253,0.141575771,0.054296477,-0.007675458,13,2,accumulation,0.75
0.024268857,0.03178486,3.008691213,0.001997638,0.007286686,0.001765687,0.000130584,0.076184151,0.029971911,-0.010086082,0.137185081,0.052274587,-0.009119719,0.230046143,0.087650772,-0.007966877,14,2,accumulation,0.75
0.006933454,0.010396033,2.908960914,-0.002821954,0.004817583,0.003053905,2.51E-05,0.110821443,0.06452297,0.007201213,0.098731429,0.059979483,-0.013666239,0.121942136,0.088172172,-0.010488438,0,2,accumulation,0.5
0.021692913,0.02855204,2.574614902,0.005256053,0.007142106,0.005024102,8.31E-05,0.095910711,0.077700465,-0.006437062,0.113357134,0.078593723,-0.011143002,0.123844058,0.077692704,-0.012297158,1,2,accumulation,0.5
0.006467442,0.007836304,2.71985141,-0.001371504,0.005131975,0.001603455,8.67E-05,0.078433335,0.044692106,-0.01248753,0.136669829,0.071345722,-0.012688768,0.182103854,0.117340612,-0.009078194,2,2,accumulation,0.5
0.011316974,0.013271007,2.650146823,0.000674367,0.004075346,0.000442416,6.54E-05,-0.117677657,0.132058084,-0.003984325,0.121928802,0.060910208,-0.017878275,0.143308852,0.057614564,-0.016387927,3,2,accumulation,0.5
0.000613225,0.002851609,1.352606807,-0.00347486,0.005595409,0.003706811,3.30E-05,0.145875897,0.084266542,-0.017624871,0.106782892,0.046757395,-0.013934382,0.119302702,0.047788077,-0.013966776,4,2,accumulation,0.5
0.003016915,0.005377985,1.406407333,-0.00293925,0.005177295,0.003171201,4.58E-05,0.161364067,0.102512039,-0.014746086,0.112869765,0.044438962,-0.011284111,0.116883591,0.038581101,-0.010701904,5,2,accumulation,0.5
0.004054217,0.006516978,2.7396202,-0.004885691,0.007062367,0.005117642,7.84E-05,0.091041132,0.068292897,-0.00809184,0.119516185,0.067789025,-0.011695827,0.136181847,0.066833676,-0.012859164,6,2,accumulation,0.5
0.014176448,0.019688939,1.233513199,0.002043041,0.005731325,0.001811089,9.91E-05,0.070289981,0.006200926,0.000324236,0.127705537,0.057988347,-0.012520676,0.156519162,0.078099125,-0.011567891,7,2,accumulation,0.5
0.006970935,0.010365292,1.857608034,-0.001320187,0.004274152,0.001552138,5.46E-05,-0.112377459,0.070912929,-0.013118874,0.106733721,0.029881205,-0.011938456,0.120364579,0.026558254,-0.012694347,8,2,accumulation,0.5
0.015413325,0.021586606,2.30465276,4.37E-05,0.005122677,0.000188212,9.16E-05,0.180625132,-0.088515363,-0.006857156,0.113379025,0.043890981,-0.01552857,0.122943776,0.045522295,-0.017012252,9,2,accumulation,0.5
0.015267971,0.020590923,1.814004587,-0.000125907,0.006380577,0.000357858,0.000120675,0.150226059,-0.104087236,-0.011207011,0.161163133,0.095080453,-0.006938354,0.219915757,0.148411304,-0.00509077,10,2,accumulation,0.5
0.008569397,0.013839189,1.685359013,-0.005316408,0.007386895,0.005548359,8.68E-05,0.1292359,-0.092993089,-0.013257576,0.105327793,0.056789371,-0.005360042,0.136776483,0.088033058,-0.004118089,11,2,accumulation,0.5
0.011132388,0.015768271,1.801669825,-0.000647192,0.005680257,0.000879143,0.000104835,0.045699536,0.029668136,0.002421986,0.144728091,0.083020287,-0.00169175,0.18343285,0.123085395,0.000633487,12,2,accumulation,0.5
0.016225867,0.022258307,2.182262899,0.000321408,0.004869917,8.95E-05,8.32E-05,0.103568582,0.075368611,-0.005002449,0.152479732,0.088302709,-0.008345061,0.197075634,0.143414902,-0.006641752,13,2,accumulation,0.5
0.026773126,0.03367065,2.039330414,0.008347606,0.009926832,0.008115655,0.000104293,0.082919931,0.050893246,-0.011164421,0.108581638,0.071159013,-0.009912769,0.180689863,0.129289319,-0.009667253,14,2,accumulation,0.5
0.002581522,0.001155161,1.701826453,-0.006382668,0.00780195,0.00661109,3.53E-05,0.119683217,0.107402878,-0.003107201,0.123187411,0.097508822,-0.006592775,0.133572114,0.093771543,-0.007638491,0,3,accumulation,0.9
0.015517119,0.020922223,1.716611849,0.001833633,0.004674586,0.001605212,6.60E-05,0.097104765,0.056912241,-0.011872464,0.158852851,0.092312307,-0.011065022,0.21959494,0.147804605,-0.008634906,1,3,accumulation,0.9
0.014437566,0.019951317,1.377018442,0.001137999,0.004480015,0.000909578,6.22E-05,0.103288526,0.062066763,-0.011308266,0.14863821,0.094451242,-0.012070784,0.181776161,0.145119817,-0.01015833,2,3,accumulation,0.9
0.015106717,0.020344965,1.331377138,0.003249501,0.005148465,0.003021079,5.26E-05,0.108471631,0.044019907,-0.008322623,0.144834921,0.075035762,-0.009199282,0.224018193,0.130041509,-0.008703497,3,3,accumulation,0.9
0.006822014,0.007602193,2.965492813,-0.008534532,0.009623143,0.008762954,3.89E-05,0.164789406,0.100075047,-0.0154814,0.183805836,0.103950706,-0.017136678,0.204549559,0.098933376,-0.018204899,4,3,accumulation,0.9
0.002148466,0.006140928,1.840182848,-0.002275817,0.004995354,0.002504239,6.46E-05,0.139182976,0.053513765,-0.020828426,0.208890152,0.08962391,-0.012751368,0.234391286,0.101282001,-0.010275667,5,3,accumulation,0.9
0.020281436,0.026264989,1.612141419,0.00667175,0.007804488,0.006443328,6.29E-05,0.107319421,0.04943634,-0.012321324,0.146281367,0.064685002,-0.012756402,0.243976541,0.111428242,-0.012515145,6,3,accumulation,0.9
0.022799532,0.02774306,1.230362285,0.007296549,0.008771458,0.007068127,9.20E-05,0.053649563,0.018414401,-0.007807867,0.105789469,0.051097032,-0.015906539,0.182081195,0.08964393,-0.016294141,7,3,accumulation,0.9
0.017054419,0.023374926,1.411528517,0.002583781,0.005216739,0.002355359,6.79E-05,0.162825512,0.085043767,-0.017788895,0.129916286,0.043569978,-0.015697615,0.145133151,0.040594681,-0.015703732,8,3,accumulation,0.9
0.016829211,0.018941223,3.582642068,0.001637458,0.005727328,0.001409036,0.000105644,-0.112749617,-0.006832792,-0.005825589,0.12249198,-0.002934173,-0.01217072,0.144543616,-0.006060202,-0.01316031,9,3,accumulation,0.9
0.015248495,0.021373279,2.000412734,-0.001214268,0.005375853,0.00144269,9.24E-05,0.086689852,0.006454088,-0.006728533,0.097712639,-0.008537717,-0.011426583,0.143697524,-0.007157597,-0.010456989,10,3,accumulation,0.9
0.020179875,0.02321303,17.12944477,0.003719698,0.006852927,0.003491277,0.000111515,0.008727699,-0.008125639,-0.009471397,0.099086562,-0.006130104,-0.004651748,0.155499605,-0.003642168,-0.002561737,11,3,accumulation,0.9
0.013328498,0.015878133,6.351925601,-0.002777823,0.007534401,0.003006244,0.00012765,0.055038712,-0.013125089,-0.01096587,0.127004475,-0.00896232,-0.008442466,0.243316152,-0.005769898,-0.007638196,12,3,accumulation,0.9
0.01843426,0.023387743,1.148468872,0.003514248,0.006675546,0.003285826,0.000105346,0.074526546,0.000201564,-0.013080235,0.046605839,-0.010624411,-0.009985933,0.054333447,-0.011391496,-0.010291287,13,3,accumulation,0.9
0.021617268,0.027888272,0.830487615,0.003474204,0.007042966,0.003245782,0.000112615,0.01793208,-0.005925636,-0.004866301,0.035743332,-0.006575837,-0.007363531,0.037106644,-0.008061244,-0.008736796,14,3,accumulation,0.9
0.002581522,0.001155161,1.701826453,-0.006382668,0.00780195,0.00661109,3.53E-05,0.119683217,0.107402878,-0.003107201,0.123187411,0.097508822,-0.006592775,0.133572114,0.093771543,-0.007638491,0,3,accumulation,0.75
0.013592219,0.018444299,1.737011542,0.000779044,0.005109932,0.000550623,9.31E-05,0.162364803,-0.092033067,0.00444848,0.147977355,0.09520666,-0.013853054,0.204126841,0.162731697,-0.011612243,1,3,accumulation,0.75
0.015653787,0.021334111,1.379890946,0.001195626,0.004770061,0.000967204,7.40E-05,0.085821824,0.060534937,-0.007374102,0.138494136,0.09893344,-0.010859669,0.160780198,0.154152664,-0.008693296,2,3,accumulation,0.75
0.014186705,0.0195846,1.398166607,0.001799568,0.004529737,0.001571146,5.74E-05,0.112137549,0.050018826,-0.004755386,0.130969544,0.079207646,-0.008268622,0.191269378,0.135522756,-0.00755854,3,3,accumulation,0.75
0.000773129,0.000805162,2.732652031,-0.004851396,0.00654516,0.005079818,5.17E-05,0.141943915,0.101609912,-0.013438047,0.152769967,0.091633416,-0.016062376,0.162794282,0.089723808,-0.016904125,4,3,accumulation,0.75
0.00825491,0.012373626,1.741787301,-0.000380095,0.004832301,0.000608516,8.38E-05,0.078282273,0.015069041,-0.016619647,0.151575498,0.072313716,-0.007152901,0.166357974,0.081489717,-0.005450647,5,3,accumulation,0.75
0.016828548,0.022976646,2.254385518,0.000713683,0.004959484,0.000485261,8.57E-05,0.076930396,0.054337657,-0.013437797,0.127855945,0.06283598,-0.012098766,0.171804909,0.10292492,-0.009951642,6,3,accumulation,0.75
0.015587411,0.020537249,1.529085158,-0.000596687,0.005394924,0.000825109,9.73E-05,0.061681585,0.03085423,-0.005864231,0.130643416,0.06411545,-0.009612135,0.17561398,0.096393527,-0.007930228,7,3,accumulation,0.75
0.011155783,0.014429845,1.461835933,0.00069434,0.005036321,0.000465918,8.41E-05,0.09515852,0.069043855,-0.014436449,0.06905386,0.013348481,-0.013027911,0.083665578,0.014446704,-0.013951028,8,3,accumulation,0.75
0.021090814,0.028226671,1.360698896,-1.05E-05,0.006970352,0.000238917,0.000127165,0.071849878,0.015745579,-0.008910305,0.063264759,-0.001610755,-0.013042172,0.071295207,-0.003007965,-0.011968997,9,3,accumulation,0.75
0.013740435,0.018847545,0.975086943,-0.002578673,0.006632678,0.002807095,0.000108466,0.04072993,-0.000198752,-0.008837438,0.046030431,-0.006530796,-0.010493178,0.053179057,-0.007518506,-0.011533737,10,3,accumulation,0.75
0.016545827,0.02133963,24.39102511,-0.000738904,0.006863957,0.000967326,0.000124993,0.038656684,0.012719107,-0.013620341,0.071191532,0.007588341,-0.010148194,0.119382326,0.016778278,-0.007334449,11,3,accumulation,0.75
0.015871194,0.019146619,6.05489272,-0.001139114,0.007049468,0.001367536,0.000128069,0.054912357,-0.044183411,-0.011779477,0.119219718,0.028212773,-0.007530757,0.20156094,0.048339012,-0.006643231,12,3,accumulation,0.75
0.015504767,0.021149732,1.227374714,-0.001176998,0.006168372,0.001405419,0.000109839,0.095040939,0.013436121,-0.015015056,0.076385728,0.004616526,-0.01214526,0.087331115,0.001102981,-0.011312378,13,3,accumulation,0.75
0.017993253,0.023598563,1.019920293,0.002515352,0.005894478,0.002286931,9.55E-05,0.052134175,-8.67E-06,-0.006858912,0.064290405,-0.004400912,-0.009900074,0.073943891,-0.006641445,-0.010385358,14,3,accumulation,0.75
0.002581522,0.001155161,1.701826453,-0.006382668,0.00780195,0.00661109,3.53E-05,0.119683217,0.107402878,-0.003107201,0.123187411,0.097508822,-0.006592775,0.133572114,0.093771543,-0.007638491,0,3,accumulation,0.5
0.014244612,0.019779985,1.93240629,-0.000670261,0.005202244,0.000898682,9.36E-05,0.14547211,-0.103949432,0.008806318,0.142806402,0.089855453,-0.01212144,0.213462536,0.158882685,-0.010088471,1,3,accumulation,0.5
0.016823612,0.022264829,1.25345908,0.002519876,0.005253786,0.002291454,7.54E-05,0.058432567,0.043987936,-0.006749183,0.125999699,0.087289604,-0.009352937,0.147639772,0.13617082,-0.007201007,2,3,accumulation,0.5
0.013288849,0.018887642,1.290069892,0.000171758,0.004415843,5.67E-05,6.40E-05,0.103946248,0.045932384,-0.001499857,0.109539701,0.064540588,-0.010886764,0.153654642,0.10782996,-0.009877308,3,3,accumulation,0.5
0.001279978,0.001941796,2.534776252,-0.004979721,0.0068012,0.005208142,6.37E-05,0.11705964,0.093325734,-0.01008467,0.130698714,0.085230257,-0.013850046,0.138124265,0.08396339,-0.015443262,4,3,accumulation,0.5
0.012489731,0.017113201,1.525847181,0.000424871,0.00521207,0.000196449,9.54E-05,0.041137181,-0.001462441,-0.011772764,0.127763298,0.067979786,-0.005016218,0.137973445,0.075642387,-0.00380803,5,3,accumulation,0.5
0.017593074,0.023313475,2.248694455,0.001119738,0.005232025,0.000891317,9.32E-05,0.041161193,0.037931914,-0.01435003,0.131562402,0.067520247,-0.007625547,0.16717475,0.106186309,-0.004714315,6,3,accumulation,0.5
0.015259962,0.020650593,1.442888855,-0.000798987,0.005310661,0.001027408,9.34E-05,0.077203977,0.045508119,-0.003616829,0.130926833,0.068505804,-0.009841855,0.174653144,0.103693249,-0.0084613,7,3,accumulation,0.5
0.011677912,0.014952063,1.353165815,0.001755235,0.005125272,0.001526814,7.91E-05,0.068693845,0.077321359,-0.012307277,0.049292673,0.012412871,-0.011804798,0.058357978,0.01408138,-0.013309672,8,3,accumulation,0.5
0.019456397,0.026462475,1.019133231,0.000115512,0.006352517,0.000112909,0.000115184,0.057621539,0.04877891,-0.005719429,0.05227602,0.013319799,-0.013890096,0.056883943,0.012551836,-0.01257026,9,3,accumulation,0.5
0.005569022,0.00854462,1.50658271,-0.00579867,0.007838139,0.006027091,8.35E-05,0.076140045,0.044130141,-0.010043604,0.085849702,0.040208187,-0.010542333,0.097650986,0.037742809,-0.012171011,10,3,accumulation,0.5
0.014659918,0.019296039,13.8226903,-0.000917841,0.005799414,0.001146263,0.000106121,0.069115702,-0.041247145,-0.015685214,0.117708998,0.062164076,-0.012483837,0.162107753,0.097245096,-0.010052267,11,3,accumulation,0.5
0.014662941,0.019654134,4.593305725,-0.001357055,0.006569459,0.001585477,0.000120223,0.089564016,-0.08662874,-0.00859159,0.136515156,0.068831608,-0.005761846,0.206596454,0.116818591,-0.004930325,12,3,accumulation,0.5
0.017098674,0.0215319,0.848338054,0.004579658,0.006732227,0.004351236,8.46E-05,0.085440132,0.050383365,-0.021008039,0.032641182,-0.006099772,-0.016794409,0.031420693,-0.006687788,-0.015905901,13,3,accumulation,0.5
0.015027002,0.021002093,0.834695227,-3.98E-05,0.005244287,0.000268221,8.80E-05,0.037854028,0.023835879,-0.005375529,0.046232551,0.004004092,-0.011687472,0.050325214,0.003377456,-0.011904911,14,3,accumulation,0.5
0.017693039,0.023828115,1.52451918,0.004480715,0.006169535,0.004255368,5.90E-05,0.093592219,0.091340818,0.001019897,0.100660888,0.078739955,-0.008392015,0.109179508,0.08116712,-0.008895629,0,4,accumulation,0.9
0.016271945,0.02247666,1.687153507,-0.000517945,0.005944347,0.000743293,0.000111966,0.145922111,-0.104957092,-0.011112316,0.171422756,0.115884242,-0.00930215,0.234216827,0.183757942,-0.006270135,1,4,accumulation,0.9
0.017901802,0.024092994,2.128191174,0.000805075,0.005322648,0.000579728,9.60E-05,0.098641696,0.072455973,-0.004452685,0.172879817,0.105996849,-0.011080659,0.247772345,0.176917943,-0.008976076,2,4,accumulation,0.9
0.02044487,0.026986645,1.651017927,0.004567177,0.006595611,0.00434183,8.01E-05,0.158103558,0.103021848,-0.016776499,0.154059095,0.091569553,-0.01913196,0.166313487,0.089478579,-0.018488863,3,4,accumulation,0.9
0.012920815,0.018866563,1.923209478,0.001758828,0.004408761,0.001533481,3.45E-05,0.119560877,0.084710145,-0.014060325,0.11117417,0.046778844,-0.012974494,0.127907964,0.047133498,-0.01316534,4,4,accumulation,0.9
0.014270748,0.019318273,1.806270563,0.002034547,0.006320271,0.0018092,0.000112957,0.106588258,0.052035646,-0.00914738,0.107830606,0.028259501,-0.011251446,0.171101709,0.050473198,-0.011141138,5,4,accumulation,0.9
0.017666834,0.023527207,2.410012944,-0.002703843,0.007374626,0.002929191,0.000127592,0.075752808,-0.062919094,-0.004610942,0.086606154,0.036450203,-0.008614773,0.13285579,0.0615796,-0.007818166,6,4,accumulation,0.9
0.015416405,0.019758945,1.262757554,0.001254101,0.005867151,0.001028754,0.000104902,0.092888511,0.023754809,-0.012759538,0.059555853,-0.007144001,-0.011266559,0.068709233,-0.007122197,-0.011303359,7,4,accumulation,0.9
0.021111071,0.026806814,1.122528439,0.003592539,0.007292987,0.003367191,0.000118972,0.074178869,-0.007146008,-0.012060527,0.04798539,-0.006341043,-0.011793991,0.04869037,-0.007898055,-0.011218429,8,4,accumulation,0.9
0.022701617,0.03022333,0.823733356,-0.000687669,0.008100554,0.000913017,0.000143879,0.027590871,-0.015431607,-0.010692544,0.036856411,-0.008166416,-0.009452201,0.036815943,-0.009309393,-0.01054381,9,4,accumulation,0.9
0.012575425,0.018839361,0.492094996,-0.003308238,0.006815157,0.003533585,0.000102252,0.005713522,0.000559048,-0.005298629,0.014165545,-0.003694298,-0.009721542,0.01472712,-0.004107082,-0.011626124,10,4,accumulation,0.9
0.021412959,0.028809435,0.477673424,-0.000879043,0.007903264,0.00110439,0.000140154,-0.008219868,-0.003886694,-0.011105283,0.022794097,-0.007093208,-0.007845185,0.024122134,-0.008506082,-0.007917304,11,4,accumulation,0.9
0.022559996,0.030336225,0.543145233,-0.001927747,0.008886339,0.002153094,0.000150431,0.006739883,-0.008819815,-0.011396163,0.022010549,-0.004109795,-0.011312492,0.021733074,-0.005691208,-0.011858364,12,4,accumulation,0.9
0.020430013,0.027886092,0.512200233,-0.001893248,0.008102261,0.002118596,0.00014007,-0.010675551,-0.004663798,-0.010695128,0.016189129,-0.00752476,-0.011535867,0.018479432,-0.008669632,-0.012057376,13,4,accumulation,0.9
0.01910258,0.026363358,0.536692339,-0.002549578,0.008080966,0.002774925,0.00013686,-0.002310941,-0.004846945,-0.011000866,0.019801801,-0.004259684,-0.009640426,0.018232044,-0.005122781,-0.01079047,14,4,accumulation,0.9
0.017693039,0.023828115,1.52451918,0.004480715,0.006169535,0.004255368,5.90E-05,0.093592219,0.091340818,0.001019897,0.100660888,0.078739955,-0.008392015,0.109179508,0.08116712,-0.008895629,0,4,accumulation,0.75
0.011838057,0.01821322,2.278277779,-0.006026103,0.008561692,0.00625145,0.000110769,0.148844846,-0.118415459,-0.006959225,0.08762645,0.058452359,-0.011335659,0.126338554,0.091608915,-0.011414351,1,4,accumulation,0.75
0.01972561,0.024853751,2.280783839,0.002383719,0.006648831,0.002158371,0.000120366,0.117942247,-0.091652527,-0.006167683,0.109502205,0.053679624,-0.012301452,0.183530669,0.095535022,-0.010153123,2,4,accumulation,0.75
0.021643373,0.028475221,1.511968038,0.002895656,0.006540492,0.002670309,0.000108931,0.124661095,0.068821001,-0.010472883,0.124845833,0.04843395,-0.014771947,0.137738447,0.044736512,-0.01421876,3,4,accumulation,0.75
0.014803874,0.021046169,1.746676524,0.000219829,0.004800031,5.52E-06,7.73E-05,0.083102093,0.040713899,-0.010034985,0.083517357,0.005949071,-0.013014804,0.098762289,0.004847327,-0.013146198,4,4,accumulation,0.75
0.016535859,0.021782245,2.210794568,-0.000378461,0.007277063,0.000603808,0.000134439,0.102915556,-0.049712058,-0.004775132,0.14612603,0.029533805,-0.011675804,0.253050924,0.050911574,-0.010439208,5,4,accumulation,0.75
0.022258803,0.028246671,2.10800925,0.002014821,0.006972534,0.001789474,0.000126817,0.080543981,-0.067569072,-0.005077028,0.115725434,0.025310588,-0.009857929,0.211899905,0.043771687,-0.006921017,6,4,accumulation,0.75
0.01900091,0.025551406,2.113320998,0.003268408,0.005855193,0.00304306,8.40E-05,0.115216385,0.040237662,-0.008935658,0.122858697,0.023370775,-0.010520148,0.141666508,0.0205755,-0.010699545,7,4,accumulation,0.75
0.013439783,0.017691472,1.719352882,0.001361563,0.005632793,0.001136215,0.000101592,0.130201318,-0.069278568,-0.011291558,0.126850586,0.045819938,-0.013849582,0.183648467,0.070166129,-0.012200782,8,4,accumulation,0.75
0.013515972,0.016552252,2.677187679,-2.49E-05,0.00510589,0.000250296,9.57E-05,-0.120953732,0.039216497,-0.006917694,0.127777857,0.013905722,-0.013226422,0.150035212,0.010854686,-0.014032439,9,4,accumulation,0.75
0.00874356,0.014203306,1.032857293,-0.001933259,0.004744028,0.002158606,4.94E-05,0.104224149,-0.044045818,-0.003007647,0.081132298,0.024679322,-0.013358077,0.119242415,0.037624817,-0.014545248,10,4,accumulation,0.75
0.007734367,0.01246779,0.838125838,0.001070368,0.004155326,0.00084502,1.37E-05,0.08738998,-0.057897397,-0.011881018,0.083364892,0.025707726,-0.011644392,0.126542139,0.041604672,-0.010049644,11,4,accumulation,0.75
0.021289251,0.027626596,2.384585319,0.001019444,0.006962208,0.000794096,0.000130408,0.156832337,-0.099300232,-0.008292562,0.164088819,0.074419691,-0.01271363,0.27629151,0.127787442,-0.009670046,12,4,accumulation,0.75
0.019383168,0.025829894,1.564642699,0.004052393,0.006215198,0.003827045,7.81E-05,0.114562734,0.06380758,-0.006350965,0.116589887,0.040206228,-0.007969624,0.12780597,0.036391165,-0.008679764,13,4,accumulation,0.75
0.018682731,0.022875242,2.017341232,0.004641506,0.006466102,0.004416159,8.06E-05,-0.006453909,0.051370733,-0.015304991,0.110692699,0.041223529,-0.017258122,0.124486037,0.035349445,-0.01682303,14,4,accumulation,0.75
0.017693039,0.023828115,1.52451918,0.004480715,0.006169535,0.004255368,5.90E-05,0.093592219,0.091340818,0.001019897,0.100660888,0.078739955,-0.008392015,0.109179508,0.08116712,-0.008895629,0,4,accumulation,0.5
0.020359725,0.026226885,1.347637412,0.005285719,0.007747177,0.005060372,0.000110673,0.156609667,-0.073122986,-0.005512458,0.076580851,0.035440676,-0.014327007,0.133762148,0.061168691,-0.014080219,1,4,accumulation,0.5
0.020056755,0.025303675,2.224565264,0.002419994,0.006651487,0.002194646,0.000120083,0.115880637,-0.086560436,-0.00498758,0.115261179,0.048568688,-0.01326555,0.19894365,0.086402511,-0.011254299,2,4,accumulation,0.5
0.021423113,0.028107663,1.489275003,0.003677603,0.006595853,0.003452255,0.000100367,0.124806216,0.073731489,-0.009780529,0.128878657,0.059477621,-0.014454637,0.141067886,0.055981983,-0.013815149,3,4,accumulation,0.5
0.016511402,0.022793753,1.482916961,0.003109384,0.005399549,0.002884036,6.42E-05,0.092402214,0.058055668,-0.010300586,0.096921052,0.043819907,-0.011393353,0.110021773,0.044895112,-0.011239998,4,4,accumulation,0.5
0.011793951,0.016477313,1.908024939,0.000237139,0.005900484,1.18E-05,0.000109649,0.11524164,0.075401388,-0.007678184,0.13552302,0.072752289,-0.011564478,0.194439221,0.123142282,-0.010259759,5,4,accumulation,0.5
0.017983489,0.023735864,1.772244875,0.000940433,0.00623058,0.000715086,0.000118067,0.137204407,-0.11530078,-0.002732388,0.150410393,0.097264198,-0.007527146,0.214358359,0.159054449,-0.005180837,6,4,accumulation,0.5
0.01865434,0.024877263,1.925815639,0.00492547,0.006496236,0.004700123,6.26E-05,0.111448088,0.072079101,-0.008133488,0.1205767,0.073557721,-0.009654737,0.132750623,0.076248133,-0.011123271,7,4,accumulation,0.5
0.01365396,0.018056618,1.427141216,0.000470112,0.005486589,0.000244765,0.000100904,0.144398912,-0.103425752,-0.008677848,0.13277489,0.081603435,-0.01016339,0.178719477,0.131202244,-0.009291145,8,4,accumulation,0.5
0.017823362,0.024513712,1.575049236,0.001693699,0.005300684,0.001468352,8.48E-05,0.086302564,0.09687535,-0.004209845,0.078684961,0.051822817,-0.011645726,0.087980207,0.051539977,-0.011117314,9,4,accumulation,0.5
0.008434216,0.013472736,1.005299047,-0.002252411,0.004983903,0.002477758,5.88E-05,0.117058404,-0.075081369,-0.004664372,0.094524332,0.048424938,-0.013462978,0.11766071,0.073779838,-0.013243624,10,4,accumulation,0.5
0.010528528,0.015657257,0.799469486,0.001150108,0.004323184,0.00092476,4.85E-05,0.110666422,-0.074150549,-0.006541679,0.094691819,0.048704671,-0.007547312,0.12849433,0.077451883,-0.005952201,11,4,accumulation,0.5
0.018244082,0.024719009,2.551919209,-0.001530444,0.006982453,0.001755791,0.000128024,0.178166829,-0.136784269,-0.006335699,0.180659802,0.108385688,-0.013084413,0.257327052,0.187455806,-0.009508086,12,4,accumulation,0.5
0.018888047,0.025171749,1.510255747,0.005333265,0.006816121,0.005107917,6.00E-05,0.120696693,0.087298006,-0.005808132,0.122332374,0.072555679,-0.00697674,0.129131845,0.068568809,-0.008606586,13,4,accumulation,0.5
0.018598634,0.023422781,1.784519274,0.005319512,0.006754879,0.005094165,6.55E-05,0.013443057,0.085557122,-0.014573257,0.105004334,0.080793289,-0.015684318,0.109584256,0.079378559,-0.015613309,14,4,accumulation,0.5
0.019169291,0.026023745,1.5653564,0.000977984,0.005729285,0.00074973,0.000102846,0.074900343,0.0487816,-0.004893911,0.136223503,0.081885729,-0.008682232,0.177298078,0.12862687,-0.005435387,0,5,accumulation,0.9
0.01448624,0.020637976,2.028299649,-0.000595031,0.004892915,0.000823285,8.19E-05,0.065733427,0.037520681,-0.010763009,0.102668359,0.048400673,-0.00949038,0.12908009,0.082889186,-0.00751498,1,5,accumulation,0.9
0.010746127,0.014182422,1.297446233,-0.000540885,0.005035394,0.00076914,8.36E-05,0.093988919,0.049177984,-0.006524729,0.075256159,0.022476329,-0.008892991,0.085598961,0.022724714,-0.009461634,2,5,accumulation,0.9
0.012605449,0.01784078,0.955529104,-0.000670278,0.005512861,0.000898532,9.63E-05,0.061349175,-0.039701927,-0.011331946,0.076787614,0.016747401,-0.012343578,0.118134668,0.029039972,-0.011249524,3,5,accumulation,0.9
0.018435087,0.021171312,3.342937901,0.000572146,0.006724214,0.000343891,0.00012652,-0.027768828,0.008556914,-0.008414553,0.112340894,0.01622014,-0.010972019,0.150156017,0.028062265,-0.009235828,4,5,accumulation,0.9
0.017720704,0.024671534,1.713429834,-0.001028215,0.006176396,0.00125647,0.000110679,0.064901844,-0.000940423,-0.012069783,0.063365777,-0.009746027,-0.011360492,0.072561175,-0.009969268,-0.011177191,5,5,accumulation,0.9
0.01453412,0.019622113,2.252838516,-0.004673319,0.008427934,0.004901573,0.000127555,-0.114886837,0.000277103,-0.010619362,0.034457655,-0.004102263,-0.014947316,0.044462089,-0.008066782,-0.015156815,6,5,accumulation,0.9
0.019115437,0.026343558,0.8009383,-0.001461788,0.007221753,0.001690043,0.00012767,0.046532807,-0.006824349,-0.012629288,0.035400651,-0.003418497,-0.012174868,0.038501798,-0.003844168,-0.012439839,7,5,accumulation,0.9
0.020712046,0.028361883,0.514001898,-0.002375136,0.008399409,0.002603391,0.000141696,0.010639186,-0.004039266,-0.012101147,0.023390417,-0.004562848,-0.013668846,0.023435478,-0.006013711,-0.013600686,8,5,accumulation,0.9
0.020412149,0.026993151,0.543852414,0.002191135,0.006700905,0.00196288,0.000115364,0.002565702,-0.011587616,-0.011351756,0.016521675,-0.009741844,-0.007918494,0.017288788,-0.009775537,-0.007247561,9,5,accumulation,0.9
0.022855472,0.030190089,0.59645693,0.000251095,0.007859466,2.28E-05,0.000140116,-0.001095321,-0.010557007,-0.009531703,0.023321892,-0.002568751,-0.010054446,0.024273708,-0.003266531,-0.011410276,10,5,accumulation,0.9
0.025943735,0.033984576,0.603617388,-0.000352927,0.009205944,0.000581181,0.000155569,0.005730122,-0.002108439,-0.003381826,0.016384437,-0.005976734,-0.009961292,0.016016261,-0.006231635,-0.011818776,11,5,accumulation,0.9
0.025598878,0.033659686,0.462770312,-0.000248958,0.008995816,0.000477212,0.000153374,-0.000197653,-0.011205502,-0.013549322,0.012932642,-0.008539842,-0.011266199,0.01495494,-0.009957529,-0.010876454,12,5,accumulation,0.9
0.016251955,0.023405661,0.500636417,-0.005075486,0.009131696,0.00530374,0.000133436,-0.007512723,-0.001455406,-0.010817189,0.006255207,-0.004195038,-0.011514263,0.007108609,-0.005403273,-0.011863295,13,5,accumulation,0.9
0.026544444,0.034235754,0.506726959,0.002565258,0.008629841,0.002337003,0.000145813,-0.011938405,-0.005747752,-0.006648814,0.011050453,-0.001153195,-0.009863071,0.00977659,-0.001471259,-0.00969161,14,5,accumulation,0.9
0.019169291,0.026023745,1.5653564,0.000977984,0.005729285,0.00074973,0.000102846,0.074900343,0.0487816,-0.004893911,0.136223503,0.081885729,-0.008682232,0.177298078,0.12862687,-0.005435387,0,5,accumulation,0.75
0.016588452,0.022422982,1.853120742,0.001845779,0.00507934,0.001617525,8.18E-05,0.042445806,0.025183469,-0.013184976,0.109351375,0.05392035,-0.009513108,0.135715341,0.092636581,-0.007913784,1,5,accumulation,0.75
0.008327291,0.010704137,1.714382013,-0.000428555,0.004708816,0.000656809,7.41E-05,0.133536256,0.078356623,-0.00706491,0.093784568,0.034727527,-0.010010173,0.105756173,0.034717759,-0.010141956,2,5,accumulation,0.75
0.009072144,0.014443595,0.981271878,-0.003015131,0.006011856,0.003243386,8.69E-05,0.090126359,-0.054978399,-0.013062706,0.086702798,0.02397606,-0.012516004,0.140765596,0.040424786,-0.011885412,3,5,accumulation,0.75
0.017872479,0.019628793,3.606671574,0.003762827,0.006866001,0.003534572,0.000112809,0.001186685,0.014365319,-0.008422651,0.084469731,0.011111927,-0.012561983,0.121747695,0.024414338,-0.011324149,4,5,accumulation,0.75
0.018909416,0.025749163,1.886554187,0.001226619,0.005724529,0.000998364,0.000101327,0.070996259,0.018068122,-0.011576189,0.087361746,-0.000664761,-0.010940704,0.098392255,-0.001998458,-0.010689668,5,5,accumulation,0.75
0.018623805,0.023423489,1.970123616,0.000671047,0.006268772,0.000442792,0.000116789,-0.114386479,0.005385464,-0.00733598,0.092747295,-0.007436602,-0.014453726,0.108059494,-0.008388497,-0.013247772,6,5,accumulation,0.75
0.013923853,0.018153326,1.785084526,-0.000784182,0.006337397,0.001012436,0.000116781,0.092103078,-0.026925917,-0.007930868,0.112845859,0.007238988,-0.009534982,0.189956748,0.01392015,-0.00723909,7,5,accumulation,0.75
0.021198912,0.028344389,2.722328945,0.001455692,0.006342222,0.001227437,0.000114609,0.086953152,0.023128749,-0.013307549,0.102763821,0.005525967,-0.009524554,0.124796329,0.003878451,-0.011606982,8,5,accumulation,0.75
0.013219386,0.014134686,2.306247568,0.003755727,0.006017884,0.003527473,8.49E-05,0.110310228,-0.0391519,-0.011828318,0.086723516,0.016184523,-0.007454018,0.122673973,0.027911742,-0.005351884,9,5,accumulation,0.75
0.01980467,0.025582412,1.601003968,0.003157351,0.006298934,0.002929097,0.000100972,0.094477993,0.018455839,-0.006080249,0.096871175,0.00992904,-0.01291246,0.109486303,0.00694603,-0.013542902,10,5,accumulation,0.75
0.015602417,0.018042821,3.879949565,-0.001179925,0.006974645,0.001408179,0.000126657,0.115386563,0.001961697,-0.009589321,0.115927239,-0.003586233,-0.012318971,0.132825473,-0.00685732,-0.013772526,11,5,accumulation,0.75
0.017345173,0.022433234,2.654909559,0.000150668,0.007476532,7.76E-05,0.000136901,0.068055001,-0.023948877,-0.015305564,0.157856064,0.017612219,-0.010101448,0.260092675,0.030754457,-0.005462498,12,5,accumulation,0.75
0.021544047,0.02732671,1.407642575,0.003703975,0.007005484,0.00347572,0.000112675,0.05400435,-0.038250568,-0.011195818,0.077034423,0.016339859,-0.008098267,0.138309697,0.026808828,-0.00766943,13,5,accumulation,0.75
0.024305174,0.031160028,1.416893469,0.006165505,0.0083325,0.005937251,0.000105035,0.063081119,0.035793633,-0.010781162,0.09469337,0.035675145,-0.010216272,0.109927776,0.031792979,-0.010768491,14,5,accumulation,0.75
0.019169291,0.026023745,1.5653564,0.000977984,0.005729285,0.00074973,0.000102846,0.074900343,0.0487816,-0.004893911,0.136223503,0.081885729,-0.008682232,0.177298078,0.12862687,-0.005435387,0,5,accumulation,0.5
0.025637706,0.031248014,1.336745295,0.011382835,0.012176137,0.01115458,8.23E-05,0.027524978,0.009239118,-0.011337859,0.049064656,0.022963433,-0.013564251,0.077142961,0.055258096,-0.014187086,1,5,accumulation,0.5
0.007602329,0.010396965,1.461914781,-0.001633012,0.005092536,0.001861267,7.47E-05,0.104312882,0.078047369,-0.00237217,0.088213943,0.045308575,-0.007443305,0.097566339,0.045785465,-0.008204194,2,5,accumulation,0.5
0.007032495,0.010807931,1.434949404,0.001284318,0.00449527,0.001056063,6.35E-05,0.065968035,0.040785409,-0.00561102,0.094316345,0.04052309,-0.010599921,0.124920286,0.063734847,-0.009386149,3,5,accumulation,0.5
0.014859918,0.019163165,3.387013416,0.001296041,0.004881569,0.001067786,8.69E-05,-0.123202914,-0.08743388,-0.01088935,0.097517723,0.040442053,-0.014765442,0.110540182,0.038510312,-0.013347918,4,5,accumulation,0.5
0.015394689,0.02204428,2.083829232,0.000134166,0.004843862,9.41E-05,7.83E-05,0.085438615,0.071474961,-0.007013237,0.077567729,0.016457079,-0.012115692,0.085351374,0.016753978,-0.012082514,5,5,accumulation,0.5
0.016894012,0.021170715,1.79607271,0.001056586,0.005606601,0.000828331,0.000101936,-0.1256796,0.049840461,-0.00601951,0.090083072,0.012058454,-0.01428663,0.104284575,0.01056351,-0.013043643,6,5,accumulation,0.5
0.01507673,0.019848205,1.600365934,0.000933779,0.005936592,0.000705525,0.000110356,0.139762613,-0.075124483,-0.005975651,0.13368236,0.070584302,-0.008219366,0.190464461,0.109289304,-0.006718479,7,5,accumulation,0.5
0.017904115,0.024742786,2.670993369,0.000781268,0.005213312,0.000553014,8.90E-05,0.084705921,0.087625544,-0.007875986,0.093491146,0.04609683,-0.011022907,0.109599966,0.050697024,-0.012274457,8,5,accumulation,0.5
0.008894525,0.01094909,1.963505304,0.003207237,0.00522108,0.002978983,6.34E-05,0.072782138,0.047148293,-0.005882989,0.084724761,0.026755286,-0.009217767,0.106082758,0.043688104,-0.008555552,9,5,accumulation,0.5
0.003541234,0.008786168,1.638254695,-0.009275922,0.010563821,0.009504176,7.48E-05,0.151081623,-0.091042195,-0.013419759,0.093406542,-0.005974545,-0.011515255,0.092711035,-0.000915914,-0.010839669,10,5,accumulation,0.5
0.014609495,0.016541339,3.670032867,0.001100529,0.006201589,0.000872274,0.000113311,0.103327785,0.057889755,-0.003340061,0.07853274,0.005339203,-0.012805802,0.091800838,0.003367047,-0.012274877,11,5,accumulation,0.5
0.015651996,0.020817458,2.399762662,-0.00259108,0.007832649,0.002819334,0.000135623,0.118927969,-0.085541023,-0.015739757,0.137239876,0.043966595,-0.009098572,0.229776497,0.076912628,-0.006384453,12,5,accumulation,0.5
0.015437252,0.021074619,1.614112328,-0.000894546,0.005741031,0.0011228,0.000104973,0.107120398,-0.081953637,-0.011465249,0.128894504,0.070111519,-0.009277932,0.182980717,0.111354022,-0.006548989,13,5,accumulation,0.5
0.017876306,0.02449722,1.714590596,0.000793684,0.005424169,0.000565429,9.70E-05,0.064184557,0.044470489,-0.002451572,0.122919418,0.061822049,-0.006934442,0.180749261,0.104431042,-0.00522941,14,5,accumulation,0.5
0.010028216,0.014812298,1.318599727,0.00257628,0.005254118,0.002337624,7.31E-05,0.116863087,0.073324079,-0.00230193,0.088119539,0.047349417,-0.00822923,0.114430471,0.07237358,-0.007242519,0,6,accumulation,0.9
0.017884936,0.024190269,1.219449769,0.00429113,0.006136631,0.004052474,6.39E-05,0.061265388,0.035877081,-0.004492583,0.073597531,0.031272076,-0.010664141,0.081279406,0.030484717,-0.011459468,1,6,accumulation,0.9
0.018367218,0.02289021,1.666341091,0.00140783,0.006683532,0.001169174,0.000122265,0.115857569,-0.069114705,-0.000754778,0.107796438,0.04816727,-0.015123916,0.150705791,0.080115328,-0.013744097,2,6,accumulation,0.9
0.019451851,0.025723505,1.156817258,0.001352435,0.006323283,0.001113779,0.000115333,0.084124498,-0.062528676,-0.011914738,0.090336192,0.037828441,-0.010761945,0.140937022,0.064838152,-0.009315686,3,6,accumulation,0.9
0.010118388,0.01524676,0.857013762,-4.73E-05,0.004698293,0.000285993,7.11E-05,0.088288158,-0.05711207,-0.013827914,0.077872879,0.025939896,-0.010090345,0.111143399,0.042560801,-0.008516698,4,6,accumulation,0.9
0.022545225,0.029084228,2.07968851,0.003719531,0.00698644,0.003480875,0.000111029,0.089967613,0.033407072,-0.007773262,0.094776978,0.023457102,-0.010905816,0.109915017,0.02188247,-0.011091638,5,6,accumulation,0.9
0.008985348,0.013164997,1.210180115,-0.006599165,0.008976193,0.00683782,0.000106012,0.073469371,-0.036013173,-0.003372356,0.063151411,-0.013031625,-0.005214404,0.119612891,-0.012441593,-0.001830513,6,6,accumulation,0.9
0.01474239,0.019578566,1.490951634,-0.000679612,0.006397855,0.000918268,0.000117063,0.056916918,-0.003308114,-0.007699643,0.109649203,-0.002982657,-0.01070054,0.156478357,-0.000474701,-0.010218929,7,6,accumulation,0.9
0.021943728,0.028924411,1.185587528,0.002652496,0.006753867,0.00241384,0.00011578,0.060448717,-0.020012883,-0.011435679,0.106989703,-0.011247347,-0.012753949,0.192945462,-0.009792648,-0.013369773,8,6,accumulation,0.9
0.014034878,0.018001267,1.590508953,0.000535467,0.005096453,0.000296812,8.98E-05,-0.116906624,-0.000957446,-0.008124889,0.095166501,-0.009749803,-0.01405555,0.114857635,-0.011479518,-0.014559504,9,6,accumulation,0.9
0.017660029,0.022001011,1.772296386,0.004289194,0.006288013,0.004050538,8.48E-05,0.151615567,-0.011936408,-0.011898127,0.115054799,-0.007227477,-0.010865397,0.130795345,-0.009168927,-0.010888445,10,6,accumulation,0.9
0.012264974,0.015544377,2.272279097,-0.001669694,0.005490547,0.001908349,9.50E-05,-0.097371524,-0.00632585,-0.007551023,0.101079815,-0.013478229,-0.014755591,0.121981312,-0.014742551,-0.013978996,11,6,accumulation,0.9
0.014342901,0.019244903,0.910514204,0.006010002,0.007076955,0.005771346,2.24E-05,0.030565448,-0.017417052,-0.00564942,0.061044184,-0.015316033,-0.008331899,0.114225298,-0.01574043,-0.006589644,12,6,accumulation,0.9
0.01721647,0.023946125,2.635246447,-0.001191929,0.005960594,0.001430584,0.000106499,0.106697855,0.004590399,-0.005900318,0.106941148,-0.013912024,-0.010583443,0.188277297,-0.013533973,-0.008604879,13,6,accumulation,0.9
0.019094267,0.023795543,2.946959854,0.000192606,0.006568364,4.61E-05,0.000122711,-0.134890531,-0.008616172,-0.008651657,0.117686952,-0.007627476,-0.015272097,0.138359313,-0.009576774,-0.01530456,14,6,accumulation,0.9
0.010028216,0.014812298,1.318599727,0.00257628,0.005254118,0.002337624,7.31E-05,0.116863087,0.073324079,-0.00230193,0.088119539,0.047349417,-0.00822923,0.114430471,0.07237358,-0.007242519,0,6,accumulation,0.75
0.012392893,0.018540255,0.861981925,0.000209804,0.004513941,2.89E-05,5.59E-05,0.054206029,0.022822205,-0.007472594,0.041324731,0.002798351,-0.012397555,0.04812652,0.004086385,-0.012979801,1,6,accumulation,0.75
0.016623305,0.021093407,1.579142639,-0.00190838,0.00721916,0.002147036,0.000126803,0.081721655,-0.056309038,-0.002337505,0.079363845,0.013046162,-0.007719095,0.137808402,0.026466645,-0.005846014,2,6,accumulation,0.75
0.016637209,0.023401757,1.634485782,-0.002419199,0.006738814,0.002657854,0.000114972,0.097337674,-0.057451447,-0.010889722,0.084130646,0.031623084,-0.011787315,0.129849174,0.053447619,-0.010405768,3,6,accumulation,0.75
0.021117939,0.027820648,2.102467853,0.0011614,0.006619156,0.000922744,0.000121381,0.083654747,0.013753222,-0.012874316,0.09217071,0.005329146,-0.011354594,0.109963106,0.002166868,-0.011862325,4,6,accumulation,0.75
0.022093688,0.028953701,1.753591747,0.002392559,0.006782129,0.002153903,0.000117722,0.061416325,0.00921323,-0.009240221,0.069836926,0.000749833,-0.011040653,0.082788586,0.000140672,-0.011138029,5,6,accumulation,0.75
0.017662058,0.021026244,1.717736747,0.002758591,0.006535904,0.002519935,0.000111098,0.077291664,-0.03438848,0.00215378,0.059770778,0.012399188,-0.013530817,0.10069021,0.020795698,-0.013887154,6,6,accumulation,0.75
0.021610874,0.027705552,1.525561264,0.00271353,0.006784491,0.002474874,0.000117137,0.018002157,0.009770108,-0.00699222,0.086348704,0.033576262,-0.013112861,0.112090301,0.054883315,-0.010603885,7,6,accumulation,0.75
0.018866535,0.025541426,1.285248391,3.08E-05,0.006284238,0.000207865,0.000116312,0.097919796,-0.083186791,-0.009523938,0.11885715,0.055529814,-0.010437541,0.172093046,0.089628288,-0.010186611,8,6,accumulation,0.75
0.011736223,0.015716944,1.320736761,0.000722039,0.004739841,0.000483383,7.75E-05,-0.054205193,0.063108526,-0.013371181,0.090063788,0.007289329,-0.013610047,0.107030066,0.005836941,-0.014409683,9,6,accumulation,0.75
0.018940027,0.023226548,1.769306525,0.005408149,0.007033736,0.005169493,8.32E-05,0.164583815,0.008758117,-0.010963149,0.13005343,0.007468693,-0.010070828,0.146065598,0.002838671,-0.010369621,10,6,accumulation,0.75
0.009464537,0.012353565,2.226763731,-0.002950003,0.00573331,0.003188659,8.48E-05,-0.104525558,0.007101553,-0.007071424,0.088047009,-0.012470576,-0.014080538,0.106824386,-0.013912445,-0.013270665,11,6,accumulation,0.75
0.00868985,0.013266883,1.024960469,0.001372993,0.004188148,0.001134337,1.37E-05,0.039736852,-0.018372526,-0.001316521,0.070071988,-0.003713135,-0.012098894,0.120006349,-0.000290692,-0.010630067,12,6,accumulation,0.75
0.016831464,0.023137668,2.512367906,-0.000401235,0.005512961,0.000639891,0.000100103,0.115316882,-0.046105073,-0.009078215,0.121408928,0.018612117,-0.008495587,0.211421143,0.033154497,-0.005383178,13,6,accumulation,0.75
0.016388002,0.020445777,2.800639579,-0.000838346,0.006018198,0.001077002,0.000111141,-0.142255155,0.0161144,-0.008354031,0.125691447,-0.003752391,-0.013848765,0.146726695,-0.006945204,-0.014043453,14,6,accumulation,0.75
0.010028216,0.014812298,1.318599727,0.00257628,0.005254118,0.002337624,7.31E-05,0.116863087,0.073324079,-0.00230193,0.088119539,0.047349417,-0.00822923,0.114430471,0.07237358,-0.007242519,0,6,accumulation,0.5
0.012353772,0.018468732,0.956798014,0.000735532,0.004417371,0.000496876,4.85E-05,0.080309783,0.047534577,-0.012292893,0.054267154,0.015304728,-0.012722299,0.061133098,0.017309492,-0.013810585,1,6,accumulation,0.5
0.017444032,0.021847365,1.703359111,0.00100148,0.006418511,0.000762825,0.000119253,0.140307505,-0.098170939,0.002403162,0.144260364,0.087110562,-0.011973866,0.195402276,0.144769077,-0.0095919,2,6,accumulation,0.5
0.015777819,0.022361345,1.882839229,-0.000495454,0.005081447,0.00073411,8.66E-05,0.086565131,0.049862524,-0.002205282,0.107580199,0.057133148,-0.009624676,0.154433162,0.092925697,-0.006986411,3,6,accumulation,0.5
0.007335732,0.010011699,1.769689231,-0.002537762,0.005710537,0.002776418,8.18E-05,0.140300687,0.100987445,-0.002828541,0.113435871,0.059920643,-0.007703646,0.124355648,0.057389241,-0.008538152,4,6,accumulation,0.5
0.018227996,0.024834256,1.907981337,0.002093056,0.005386031,0.0018544,8.44E-05,0.097508668,0.067259064,-0.002798225,0.092494488,0.048808333,-0.010790888,0.103546542,0.050369927,-0.01076168,5,6,accumulation,0.5
0.001447833,0.005759939,0.823010815,-0.010508178,0.011917117,0.010746834,8.43E-05,0.038359087,0.007682364,-0.006027339,0.052096633,0.018979529,-0.006039976,0.083239087,0.042995161,-0.003676037,6,6,accumulation,0.5
0.016280894,0.021761212,1.787077782,0.00137888,0.005284391,0.001140225,9.41E-05,0.092014753,-0.068489029,0.010120681,0.103439358,0.053302163,-0.007818481,0.136064833,0.086384855,-0.004981016,7,6,accumulation,0.5
0.017833184,0.023881601,1.245027274,0.001697556,0.005886223,0.0014589,0.000105444,0.142544604,-0.094046542,-0.007581913,0.134104968,0.073134417,-0.012245962,0.194771124,0.118204912,-0.012638019,8,6,accumulation,0.5
0.002371124,0.004661381,1.736171602,-0.0039333,0.005765352,0.004171956,4.92E-05,-0.093885141,0.100258616,-0.014565864,0.094005014,0.070763356,-0.018731422,0.104855233,0.072303443,-0.01786743,9,6,accumulation,0.5
0.014905649,0.021103669,1.54843068,0.001989939,0.004738813,0.001751283,5.47E-05,0.112219761,0.087713137,-0.01269695,0.089836917,0.045746633,-0.013396432,0.099687367,0.045503137,-0.014451672,10,6,accumulation,0.5
0.010402875,0.013800587,1.931428867,-0.001382368,0.00470318,0.001621024,7.31E-05,-0.125697279,0.086065592,-0.003923697,0.101819503,0.014579566,-0.012530268,0.121719096,0.010867336,-0.012842656,11,6,accumulation,0.5
0.0065028,0.00991901,1.193128857,0.001980619,0.00444512,0.001741963,1.50E-05,0.070530845,-0.060919756,0.006699451,0.085885598,0.021844036,-0.005296443,0.142315549,0.038591583,-0.001085727,12,6,accumulation,0.5
0.01187308,0.017603948,2.307858382,-0.003698624,0.006434422,0.003937279,9.21E-05,0.155007561,-0.095672283,-0.006926907,0.116053089,0.056582116,-0.012780703,0.153209738,0.089561213,-0.010898077,13,6,accumulation,0.5
0.013410893,0.015660064,2.747485996,5.84E-05,0.005154181,0.000180218,9.54E-05,-0.126836018,0.096693838,-0.005849313,0.112006128,0.043483498,-0.015599083,0.130707771,0.041608802,-0.015252524,14,6,accumulation,0.5
0.010605719,0.014427721,1.733067388,-0.00090583,0.004281304,0.001128282,5.48E-05,-0.03974872,0.087612883,-0.002068868,0.081926797,0.023580724,-0.014049647,0.097908229,0.026651552,-0.014790918,0,7,accumulation,0.9
0.016092456,0.017540125,2.397578352,0.007535601,0.008873146,0.007313148,8.94E-05,0.083344749,-0.033932176,-0.010760859,0.030106497,0.006234764,-0.008363117,0.046654854,0.013974713,-0.008950971,1,7,accumulation,0.9
0.015594418,0.021776704,0.668868622,-0.001964603,0.006693312,0.002187055,0.000115,0.062392419,0.001873916,-0.00749189,0.040865668,-0.008738537,-0.013416078,0.042298181,-0.008478939,-0.013600928,2,7,accumulation,0.9
0.02216919,0.029294658,0.842024622,0.000764349,0.007454961,0.000541897,0.000134432,0.004453932,-0.012889382,-0.011502288,0.026893822,-0.008390099,-0.013137337,0.02747289,-0.008674799,-0.013277667,3,7,accumulation,0.9
0.022937029,0.030285893,0.553578272,0.001272345,0.007584422,0.001049892,0.000135535,0.002547574,-0.01142158,-0.007903027,0.018476379,-0.006078549,-0.00953484,0.018363341,-0.006527872,-0.010088207,4,7,accumulation,0.9
0.025289412,0.033197781,0.540476862,0.000671565,0.008531156,0.000449113,0.000148927,0.009033381,-0.011550713,-0.013428796,0.011904931,-0.005589345,-0.009902591,0.010682771,-0.006401788,-0.009633074,5,7,accumulation,0.9
0.021082813,0.028521076,0.776334401,-0.002290692,0.008572029,0.002513144,0.000145061,0.00131561,-0.006311663,-0.009959819,0.01416763,-0.006307964,-0.011672753,0.016976717,-0.007038274,-0.011550705,6,7,accumulation,0.9
0.024720469,0.032225109,0.595887346,0.00192589,0.008074515,0.001703437,0.000141022,-0.004522134,-0.008619587,-0.011347404,0.016570725,-0.00603004,-0.013216113,0.017523695,-0.00706849,-0.013064137,7,7,accumulation,0.9
0.023842001,0.03151601,0.601485918,4.87E-05,0.008284554,0.000173712,0.000146148,-0.014803568,-0.00608156,-0.006863169,0.016359926,-0.007431968,-0.011292051,0.016122122,-0.007694138,-0.01197979,8,7,accumulation,0.9
0.021171561,0.028568541,0.538218582,-0.00121171,0.007946323,0.001434162,0.000139941,-0.000308742,-0.008561418,-0.010328057,0.014798648,-0.003905335,-0.01095014,0.014062736,-0.004608824,-0.011068079,9,7,accumulation,0.9
0.024336208,0.031816699,0.568526215,0.002488948,0.007836099,0.002266496,0.000135238,0.019882912,-0.009261339,-0.007664433,0.024433167,-0.006056523,-0.006723194,0.026283964,-0.006236795,-0.006921832,10,7,accumulation,0.9
0.024276774,0.031714291,0.573829439,0.001480817,0.008016431,0.001258365,0.000141402,-0.004005617,-0.009397734,-0.00820494,0.02253967,-0.008999416,-0.010041912,0.024107885,-0.008871795,-0.009389852,11,7,accumulation,0.9
0.022731364,0.02994526,0.517256176,0.001533257,0.007476138,0.001310804,0.000132867,-8.18E-05,-0.011809901,-0.006358607,0.01691837,-0.005432627,-0.010271842,0.017285866,-0.006600552,-0.011143915,12,7,accumulation,0.9
0.022151606,0.02993402,0.57277657,-0.001970152,0.008693181,0.002192604,0.000147777,0.005548785,-0.008872098,-0.012306268,0.013984303,-0.006576796,-0.010633174,0.014034552,-0.007916235,-0.010434573,13,7,accumulation,0.9
0.022134109,0.029734851,0.431223707,-0.000752155,0.008069968,0.000974607,0.000142307,0.00119237,-0.003843067,-0.0124072,0.013628275,-0.008160474,-0.013136651,0.014867987,-0.00840962,-0.014279968,14,7,accumulation,0.9
0.010605719,0.014427721,1.733067388,-0.00090583,0.004281304,0.001128282,5.48E-05,-0.03974872,0.087612883,-0.002068868,0.081926797,0.023580724,-0.014049647,0.097908229,0.026651552,-0.014790918,0,7,accumulation,0.75
0.010234102,0.012758303,1.702265362,-0.000587723,0.005184945,0.000810176,9.12E-05,0.075339083,-0.047390619,-0.012922481,0.092359099,0.03123426,-0.012185756,0.154080361,0.052738503,-0.012207593,1,7,accumulation,0.75
0.008094634,0.011844989,0.99241306,-0.002490974,0.005345529,0.002713426,6.86E-05,0.132846702,0.030712628,-0.008292967,0.076228462,0.001100273,-0.012363523,0.087563788,-0.000218291,-0.013049702,2,7,accumulation,0.75
0.008580141,0.012248527,1.78284554,-0.005673155,0.008331471,0.005895607,0.000107924,0.102795926,0.003217598,-0.012446693,0.109424864,0.000916975,-0.013280609,0.128935966,-0.001681485,-0.01408423,3,7,accumulation,0.75
0.009669168,0.015780264,2.191112344,-0.004677367,0.006742384,0.00489982,7.35E-05,0.150085061,0.011433933,-0.012851048,0.067826083,-0.003457886,-0.012339396,0.074624042,-0.005638704,-0.012018352,4,7,accumulation,0.75
0.019163769,0.02415077,2.13713893,0.002024201,0.007495497,0.001801749,0.000134262,0.085663365,0.019162012,-0.013446908,0.091327639,-0.00062251,-0.012622361,0.146009449,0.006003279,-0.011204793,5,7,accumulation,0.75
0.015561874,0.018748464,5.453903692,-0.001798078,0.006970425,0.00202053,0.000123976,0.041150995,-0.007517466,-0.012742674,0.078092473,-0.008254144,-0.010806222,0.094584121,-0.009534793,-0.011314406,6,7,accumulation,0.75
0.015459065,0.020163003,1.390456422,-0.001098971,0.006403518,0.001321424,0.000116154,0.067138286,0.002397002,-0.01412222,0.074793246,-0.001259317,-0.013669703,0.087582467,-0.002870344,-0.012592286,7,7,accumulation,0.75
0.018962259,0.025816727,2.304138427,-0.00217655,0.007320949,0.002399003,0.000128713,0.043429068,-0.017859433,-0.008211193,0.077434007,0.009700188,-0.01048922,0.124342198,0.020079822,-0.006933166,8,7,accumulation,0.75
0.019367094,0.024937624,1.02174095,0.002620156,0.006633744,0.002397703,0.000113998,0.116048238,0.012757103,-0.01374308,0.067021619,-0.005838479,-0.010550908,0.074869434,-0.009443648,-0.01102038,9,7,accumulation,0.75
0.019517798,0.026464441,1.078377989,0.000653498,0.00636329,0.000431046,0.000116001,0.071483046,-0.005639397,-0.01008034,0.052218437,-0.004289551,-0.008274074,0.057819915,-0.004651062,-0.008302764,10,7,accumulation,0.75
0.019189511,0.025259571,1.467425473,-0.000303665,0.006775868,0.000526117,0.000125401,-0.01412171,-0.011809682,-0.015675258,0.057913369,-0.006606992,-0.009535215,0.064780456,-0.008398727,-0.009446586,11,7,accumulation,0.75
0.019649498,0.025340035,0.857804548,0.002159815,0.00666794,0.001937363,0.0001166,0.025316508,-0.011653569,-0.009655915,0.041983791,-0.007315958,-0.012132348,0.047605632,-0.007973636,-0.011226638,12,7,accumulation,0.75
0.02542515,0.033008664,1.106074267,0.002732965,0.007970317,0.002510512,0.000137075,0.050343691,-0.008574368,-0.010742649,0.076027107,-0.007150427,-0.012724868,0.081247075,-0.008241286,-0.012021037,13,7,accumulation,0.75
0.020140059,0.027570653,1.985891627,-0.001375256,0.007164965,0.001597708,0.000129158,0.07855153,-0.009420968,-0.006812595,0.070952731,0.015496956,-0.011327428,0.115095462,0.02901673,-0.00979507,14,7,accumulation,0.75
0.010605719,0.014427721,1.733067388,-0.00090583,0.004281304,0.001128282,5.48E-05,-0.03974872,0.087612883,-0.002068868,0.081926797,0.023580724,-0.014049647,0.097908229,0.026651552,-0.014790918,0,7,accumulation,0.5
0.012068162,0.015194952,1.483106947,0.000445718,0.004933238,0.000223266,8.74E-05,0.094511506,-0.062637241,-0.012256009,0.103789862,0.053913859,-0.01143004,0.145265186,0.08963786,-0.011447096,1,7,accumulation,0.5
0.006391826,0.007956575,1.498993969,0.000827534,0.004239588,0.000605081,4.51E-05,0.131666824,0.091152006,-0.003591537,0.073072893,0.018320941,-0.012836613,0.081208147,0.018646066,-0.013637926,2,7,accumulation,0.5
0.016330021,0.019933289,1.523858694,0.004069487,0.006548419,0.003847035,9.47E-05,0.140731921,0.0558727,-0.013298015,0.080791753,0.007153592,-0.013268978,0.085462467,0.004428202,-0.012865468,3,7,accumulation,0.5
0.017529445,0.023992857,1.609825226,0.002034732,0.005284402,0.001812279,8.16E-05,0.098082645,0.054316831,-0.00305685,0.092221263,0.028509265,-0.008735301,0.101278003,0.026921811,-0.007163553,4,7,accumulation,0.5
0.013127395,0.018710699,1.574152312,-0.000930449,0.006466185,0.001152902,0.00011847,0.102350547,0.051982349,-0.011357906,0.15073103,0.081321362,-0.010452457,0.210919737,0.131962436,-0.00862058,5,7,accumulation,0.5
0.019985951,0.026419012,1.552897277,0.0023513,0.006053417,0.002128848,0.000103553,0.074975531,0.047816377,-0.005377055,0.120837157,0.073499846,-0.008343067,0.189247163,0.129263421,-0.006521422,6,7,accumulation,0.5
0.010120535,0.014476366,1.56438213,0.000306041,0.005153334,8.36E-05,9.20E-05,0.096423776,0.069657936,-0.009277092,0.125825796,0.075213757,-0.010589193,0.171744276,0.127638566,-0.006794937,7,7,accumulation,0.5
0.022942487,0.028945218,1.284543089,0.006099967,0.008045954,0.005877515,9.86E-05,0.047596225,0.040668838,-0.0060859,0.108683709,0.066548258,-0.007837637,0.168149917,0.113117664,-0.005624101,8,7,accumulation,0.5
0.013562883,0.019879808,1.489594817,-0.000474791,0.004734801,0.000697243,7.06E-05,0.08868656,0.068743037,-0.011061766,0.065809684,0.028652175,-0.011786972,0.076310975,0.031961754,-0.011909133,9,7,accumulation,0.5
0.02156852,0.027861751,1.343114793,0.006209264,0.007845817,0.005986812,8.40E-05,0.091501408,0.045994318,-0.004376436,0.090234913,0.05135084,-0.00583445,0.096796555,0.054948163,-0.006793598,10,7,accumulation,0.5
0.021870018,0.028323317,1.047497587,0.00698027,0.008391107,0.006757817,7.80E-05,0.083023802,0.057083133,-0.010780147,0.088802933,0.063260904,-0.013087743,0.094407179,0.067077356,-0.014161989,11,7,accumulation,0.5
0.016755341,0.022889113,1.766671712,0.00099829,0.004947522,0.000775837,8.27E-05,0.094843565,0.046332084,-0.009842788,0.151338363,0.086146235,-0.006888192,0.219876981,0.138691157,-0.005166723,12,7,accumulation,0.5
0.01165582,0.017117817,1.352625384,-0.000164783,0.005418378,0.000387235,9.92E-05,0.078112358,0.016039487,-0.012110245,0.135558787,0.070705369,-0.009469627,0.16906181,0.102952155,-0.00809013,13,7,accumulation,0.5
0.017916806,0.024649931,2.189345521,0.000273825,0.005429572,5.14E-05,9.78E-05,0.087225885,0.048055511,-0.008757512,0.128721546,0.076557611,-0.008766176,0.189152904,0.131115448,-0.00634945,14,7,accumulation,0.5
0.012670163,0.0183134,2.201088445,0.000156183,0.004374968,7.68E-05,6.87E-05,0.175040829,-0.134463823,-0.002188537,0.111836444,0.071231144,-0.014762305,0.118326164,0.076652028,-0.014022999,0,8,accumulation,0.9
0.017587857,0.023378171,0.895958238,0.003272493,0.005837868,0.003039479,8.25E-05,0.04307869,0.028871189,-0.009067424,0.096609601,0.052888578,-0.00951889,0.146284267,0.090121363,-0.008991977,1,8,accumulation,0.9
0.014494783,0.020854704,1.071967527,-0.001101053,0.005445064,0.001334066,9.00E-05,0.052343839,0.046463338,-0.013373222,0.043856196,0.005504616,-0.010941063,0.051159916,0.00585899,-0.011516125,2,8,accumulation,0.9
0.014808672,0.020503265,0.964930598,-0.00331943,0.007474216,0.003552443,0.000120511,0.03229698,-0.007607467,-0.007697976,0.038567717,-0.008979976,-0.012935763,0.043892825,-0.008883881,-0.012810185,3,8,accumulation,0.9
0.021070286,0.02744459,0.778267461,0.000914011,0.007203734,0.000680998,0.000130455,0.03299782,-0.007322089,-0.00645035,0.025521523,-0.007376787,-0.009624728,0.026850986,-0.008605313,-0.011156371,4,8,accumulation,0.9
0.017969294,0.02534768,0.57772529,-0.003940882,0.008734407,0.004173895,0.000137308,0.008492045,-0.004290204,-0.01261154,0.018796036,-0.002710489,-0.012219573,0.019504183,-0.003686024,-0.012031566,5,8,accumulation,0.9
0.018277506,0.025117041,0.622202185,-0.001742442,0.007308744,0.001975455,0.000127809,0.003219092,-0.007399991,-0.010348133,0.021896421,-0.005681884,-0.01120542,0.020620806,-0.006057291,-0.011200883,6,8,accumulation,0.9
0.027633727,0.0350473,0.60501704,0.003734572,0.009076585,0.003501559,0.000147016,-0.015732924,-0.008026391,-0.005983565,0.002019819,-0.004309408,-0.005561872,0.005556841,-0.005723795,-0.00613195,7,8,accumulation,0.9
0.016564469,0.023680063,0.476867891,-0.003196333,0.007713158,0.003429346,0.000124889,-0.009776007,-0.007509005,-0.009501589,0.009078592,-0.003737198,-0.01048437,0.008533242,-0.003982833,-0.011298042,8,8,accumulation,0.9
0.023601761,0.030609991,0.509923267,0.003459423,0.007740707,0.00322641,0.000127033,0.00700781,-0.014702798,-0.012484958,0.014760107,-0.008616076,-0.010090602,0.014815596,-0.008764436,-0.009859579,9,8,accumulation,0.9
0.02388504,0.031031325,0.617573821,0.002617451,0.007741794,0.002384438,0.000133116,0.004805741,-0.004703045,-0.011452791,0.017794605,-0.006310183,-0.012179113,0.019151097,-0.007479931,-0.012331093,10,8,accumulation,0.9
0.025578442,0.03286611,0.512659097,0.003734411,0.008339103,0.003501398,0.000136031,-0.004197487,-0.007522912,-0.010536851,0.014974934,-0.003682772,-0.007836561,0.015036546,-0.006197011,-0.008402914,11,8,accumulation,0.9
0.022516329,0.029642101,0.5957366,0.001145594,0.007422689,0.000912581,0.000133049,-0.000521894,-0.005561601,-0.009956213,0.019969215,-0.009711243,-0.009347394,0.021365609,-0.009416803,-0.009452573,12,8,accumulation,0.9
0.022131819,0.029854005,0.54830821,-0.001166927,0.008137473,0.001399941,0.000142259,0.001850088,-0.008434854,-0.01143367,0.012986012,-0.008408617,-0.009145803,0.01381419,-0.00825136,-0.00879595,13,8,accumulation,0.9
0.01829233,0.025464149,0.566771672,-0.002402033,0.00771637,0.002635047,0.000130731,0.002415846,-0.008857941,-0.013893615,0.010259566,-0.004631174,-0.009707964,0.01009289,-0.005945667,-0.00994392,14,8,accumulation,0.9
0.012670163,0.0183134,2.201088445,0.000156183,0.004374968,7.68E-05,6.87E-05,0.175040829,-0.134463823,-0.002188537,0.111836444,0.071231144,-0.014762305,0.118326164,0.076652028,-0.014022999,0,8,accumulation,0.75
0.01300655,0.018835369,1.060600959,-0.001466003,0.005233931,0.001699017,8.27E-05,0.051666217,0.035094034,-0.01123459,0.081936369,0.033085673,-0.009570163,0.108090121,0.049847314,-0.009616728,1,8,accumulation,0.75
0.016667319,0.020888183,1.775686851,-0.000184858,0.006362366,0.000417871,0.000119704,0.087286836,-0.07215883,-0.000464436,0.123020545,0.057121696,-0.008995708,0.168630793,0.092410226,-0.007123868,2,8,accumulation,0.75
0.010435218,0.013509113,1.580120454,-0.001502996,0.005491992,0.001736009,9.05E-05,0.062746235,0.049364889,-0.013021227,0.068759374,0.019276237,-0.014348841,0.08208737,0.018852769,-0.014346411,3,8,accumulation,0.75
0.014377879,0.018865527,1.623280247,-0.000591604,0.006010871,0.000824617,0.000111345,0.020978816,0.00515164,-0.009040924,0.101776168,0.035262504,-0.009052659,0.12808541,0.05318764,-0.006757813,4,8,accumulation,0.75
0.014481076,0.019232208,4.682594608,-0.001051859,0.005938666,0.001284872,0.00010584,-0.008662435,0.013727703,-0.006263953,0.086132127,-0.00339256,-0.014794228,0.103715374,-0.004824697,-0.015596875,5,8,accumulation,0.75
0.016372616,0.022846378,1.368106718,-0.000900345,0.005798958,0.001133358,0.000103648,0.082187516,-0.032367905,-0.00833513,0.094481708,0.016250003,-0.01220778,0.149944923,0.025041798,-0.010607379,6,8,accumulation,0.75
0.014673512,0.016314173,3.492158277,3.08E-05,0.006158245,0.000202181,0.000114466,0.093249946,0.033894384,-0.009421604,0.092001258,0.0077319,-0.011349591,0.107528786,0.005129023,-0.010473253,7,8,accumulation,0.75
0.015395145,0.021503208,1.044471231,-6.49E-05,0.005318782,0.000297873,9.29E-05,0.05927547,-0.044849476,-0.008170936,0.072076618,0.021284938,-0.007227029,0.110421782,0.032470638,-0.00597713,8,8,accumulation,0.75
0.014386117,0.020851345,1.638667138,-0.002392175,0.005981533,0.002625188,9.55E-05,0.090823733,0.038459926,-0.009485239,0.070990918,0.009955152,-0.009881316,0.109394444,0.020764145,-0.00796641,9,8,accumulation,0.75
0.017314479,0.023441052,1.473088009,0.000964793,0.005702255,0.00073178,0.000102366,0.074999175,0.002048379,-0.015607775,0.071189735,-0.005303682,-0.013735365,0.081221085,-0.007326175,-0.013808786,10,8,accumulation,0.75
0.01431302,0.018178126,1.70132308,-0.001478301,0.006386601,0.001711314,0.00011371,0.061598413,-0.013488967,-0.011619633,0.082562472,-0.00965671,-0.015460088,0.094694023,-0.011019032,-0.01471491,11,8,accumulation,0.75
0.014747502,0.017994141,2.04546355,-0.000359612,0.006341905,0.000592625,0.000118145,0.067338258,-0.023159894,-0.0127629,0.091396323,0.005124679,-0.012319436,0.151728589,0.014051281,-0.010395449,12,8,accumulation,0.75
0.018983095,0.026022544,1.457422336,-0.000246077,0.006367766,0.00047909,0.0001163,0.045706822,0.004906567,-0.012967624,0.060408615,-0.00902462,-0.010016134,0.072691868,-0.00978833,-0.010413665,13,8,accumulation,0.75
0.01969346,0.026136763,1.251556703,0.001906061,0.006239945,0.001673048,0.000109318,0.054392392,-0.004697522,-0.011722965,0.060980598,-0.006664556,-0.013143379,0.06877943,-0.007475668,-0.013225927,14,8,accumulation,0.75
0.012670163,0.0183134,2.201088445,0.000156183,0.004374968,7.68E-05,6.87E-05,0.175040829,-0.134463823,-0.002188537,0.111836444,0.071231144,-0.014762305,0.118326164,0.076652028,-0.014022999,0,8,accumulation,0.5
0.021945067,0.027749668,0.772527545,0.007612356,0.008984257,0.007379343,8.58E-05,0.031844315,0.025035052,-0.009695506,0.059384426,0.03716268,-0.009523056,0.096277578,0.070098355,-0.009473523,1,8,accumulation,0.5
0.01459135,0.021148404,1.593942065,-0.00173059,0.005558282,0.001963603,8.87E-05,0.038058855,0.068681431,-0.007009287,0.052288909,0.011344103,-0.011310017,0.061037953,0.012663272,-0.010538693,2,8,accumulation,0.5
0.008072104,0.011774107,1.351159268,-0.00382091,0.006602295,0.004053923,9.04E-05,0.062551263,0.031075669,-0.006934693,0.079583438,0.026236334,-0.014906647,0.090321699,0.025372414,-0.015433674,3,8,accumulation,0.5
0.010118488,0.014563255,1.535531565,-0.002066309,0.00570349,0.002299322,9.50E-05,-2.34E-05,0.010579959,-0.009863521,0.107461973,0.055181624,-0.005404917,0.13174486,0.082745842,-0.003273771,4,8,accumulation,0.5
0.019368072,0.025647023,1.663219959,0.004346133,0.006407316,0.00411312,7.99E-05,0.130999633,0.075972235,-0.004969502,0.117509938,0.063545638,-0.009742702,0.128528376,0.062063321,-0.011199793,5,8,accumulation,0.5
0.01501967,0.020929088,1.561195927,0.001089337,0.004634198,0.000856324,7.01E-05,0.110217526,0.068642313,-0.008632185,0.137024857,0.070951384,-0.008314234,0.206622117,0.11822016,-0.005751863,6,8,accumulation,0.5
0.009603528,0.009922273,4.159489457,-9.15E-05,0.005276654,0.000324495,9.24E-05,0.087603426,0.088091098,-0.005808106,0.087073363,0.049516486,-0.011862442,0.097908317,0.052320882,-0.01213104,7,8,accumulation,0.5
0.015371719,0.020227082,1.21448746,0.003717982,0.005898046,0.003484969,8.13E-05,0.10041726,-0.081512619,-0.00562278,0.08010844,0.043815774,-0.006178685,0.115052001,0.071053958,-0.005749419,8,8,accumulation,0.5
0.019245429,0.025411961,1.128806133,0.00405791,0.006342861,0.003824897,8.41E-05,0.06494895,0.025384558,-0.009234587,0.101312337,0.052958342,-0.006462373,0.155026751,0.097618488,-0.005335895,9,8,accumulation,0.5
0.017343343,0.023334743,1.59037636,0.003791843,0.005798484,0.00355883,6.58E-05,0.079777462,0.067824566,-0.007203478,0.098324868,0.056396258,-0.012367444,0.108948124,0.058541318,-0.013383976,10,8,accumulation,0.5
0.005601649,0.009700816,1.486630775,-0.002426145,0.005545696,0.002659159,8.21E-05,0.059875172,0.024103818,-0.006515918,0.111949927,0.061129974,-0.009409425,0.158438478,0.103340518,-0.007283289,11,8,accumulation,0.5
0.012646811,0.016659371,1.720753293,-8.71E-05,0.005646222,0.000320088,0.000105667,0.134831041,-0.095419661,-0.009904211,0.130275824,0.074672019,-0.012878796,0.185355017,0.125485708,-0.010766714,12,8,accumulation,0.5
0.015098866,0.019213272,1.739854967,0.001292052,0.00486701,0.001059039,7.92E-05,-0.017676852,0.02431576,-0.006563465,0.088865402,0.054901789,-0.012366957,0.103893891,0.056278252,-0.012289865,13,8,accumulation,0.5
0.007952415,0.012084365,1.290314342,-0.002851678,0.005721348,0.003084691,8.14E-05,0.042856772,-0.000899124,-0.007494428,0.116224993,0.062706706,-0.012235987,0.138651444,0.09272717,-0.010868229,14,8,accumulation,0.5
0.008465358,0.008947584,2.891048156,0.00322942,0.005494539,0.002990486,7.49E-05,0.11740114,0.075999238,-0.01580243,0.071744061,0.040398989,-0.002099213,0.106743825,0.061752268,0.000676025,0,9,accumulation,0.9
0.01684052,0.021989019,1.885987009,0.001063027,0.006793259,0.000824093,0.000124353,0.096941753,0.058357764,-0.009655231,0.11275636,0.042277918,-0.012757128,0.165927463,0.068328882,-0.011051664,1,9,accumulation,0.9
0.019315178,0.021076236,2.935518952,0.006702907,0.008077058,0.006463972,8.26E-05,-0.096712094,-0.012309036,-0.005356621,0.025677163,0.006688519,-0.007280524,0.039900498,0.004593425,-0.009661064,2,9,accumulation,0.9
0.01628023,0.022602167,0.743341122,-0.000849531,0.006014849,0.001088466,0.000105216,0.003336774,-0.005915093,-0.01343337,0.030112774,-0.009130823,-0.014810085,0.032186263,-0.010316466,-0.014226843,3,9,accumulation,0.9
0.016836586,0.023347538,0.588058874,-0.000684282,0.006213063,0.000923216,0.000109554,0.008769512,-0.006219143,-0.012673242,0.017255893,-0.009156534,-0.012583722,0.018985334,-0.009006696,-0.012109243,4,9,accumulation,0.9
0.025543093,0.033613177,0.771883585,-0.000975135,0.009249176,0.001214069,0.000154461,0.027002247,-0.015938433,-0.012551761,0.026877815,-0.010018446,-0.010975067,0.027532291,-0.010476918,-0.011149219,5,9,accumulation,0.9
0.019839251,0.027391269,0.489206257,-0.002676526,0.008291951,0.002915461,0.000137533,0.007225579,-0.002391759,-0.008431883,0.013943576,-0.002771602,-0.006111143,0.012762075,-0.004251016,-0.00715155,6,9,accumulation,0.9
0.020700874,0.028380263,0.582734916,-0.00277463,0.008657251,0.003013564,0.000142545,-0.01119522,-0.008782749,-0.007127503,0.011720639,-0.002832071,-0.007470524,0.011507472,-0.004248174,-0.007522719,7,9,accumulation,0.9
0.021591853,0.029485274,0.611950601,-0.003551039,0.009500795,0.003789973,0.000149585,0.022232103,-0.00429422,-0.007642038,0.026801824,-0.006471092,-0.007461832,0.02724981,-0.007034827,-0.007768033,8,9,accumulation,0.9
0.018551184,0.025748426,0.521520177,-0.003036008,0.008197342,0.003274942,0.000134138,0.010884379,-0.006933595,-0.011834471,0.021711815,-0.004594935,-0.010855595,0.02265676,-0.005751638,-0.011715761,9,9,accumulation,0.9
0.022907267,0.029678166,1.006974255,0.002013606,0.007472317,0.001774672,0.000130392,-0.013630958,0.001694846,-0.005935679,0.01855086,-0.007941173,-0.009980442,0.023389649,-0.007205112,-0.010124246,10,9,accumulation,0.9
0.01996796,0.026962347,0.504845191,0.000108077,0.006883742,0.000130857,0.000123746,0.002585737,-0.012586501,-0.010108285,0.010922252,-0.006697392,-0.011410937,0.011460172,-0.008001028,-0.011503018,11,9,accumulation,0.9
0.022508345,0.029724421,0.583091618,0.000672123,0.00755484,0.000433189,0.000134724,-0.004949343,-0.012437328,-0.009057391,0.022752472,-0.00700536,-0.012457564,0.024092811,-0.00694357,-0.012320088,12,9,accumulation,0.9
0.019047822,0.026599496,0.542131218,-0.003541522,0.008649818,0.003780456,0.000137988,-0.002972155,-0.009501883,-0.009965064,0.011351654,-0.006064048,-0.008116673,0.010813478,-0.006068278,-0.0081565,13,9,accumulation,0.9
0.01799824,0.024819715,0.564803433,-0.001117128,0.006788197,0.001356062,0.000119829,0.002578734,-0.002080619,-0.011059414,0.014750756,-0.008579901,-0.010110248,0.016123147,-0.008933489,-0.00990999,14,9,accumulation,0.9
0.008465358,0.008947584,2.891048156,0.00322942,0.005494539,0.002990486,7.49E-05,0.11740114,0.075999238,-0.01580243,0.071744061,0.040398989,-0.002099213,0.106743825,0.061752268,0.000676025,0,9,accumulation,0.75
0.015444631,0.02036499,1.899654487,0.000691783,0.006513356,0.000452848,0.000119983,0.110315489,0.063915539,-0.012560418,0.124761005,0.054152822,-0.01078682,0.183488686,0.087254006,-0.008725037,1,9,accumulation,0.75
0.013350197,0.012580134,3.849954966,0.004206283,0.005744913,0.003967349,6.32E-05,-0.110107187,-0.069014872,-0.006011363,0.069216177,0.03046722,-0.011091924,0.084499293,0.031627707,-0.012101684,2,9,accumulation,0.75
0.001687095,0.001592248,0.632076868,-0.0017101,0.005037268,0.001949034,3.75E-05,0.083326511,-0.049486792,0.004082999,0.078656135,0.02128235,-0.007144461,0.100368926,0.030953401,-0.005971007,3,9,accumulation,0.75
0.012466044,0.017305908,1.052415579,0.000175179,0.004805086,6.38E-05,8.00E-05,0.039051898,-0.007351184,-0.005819921,0.102257336,0.032804466,-0.014324334,0.13223194,0.050453877,-0.011584369,4,9,accumulation,0.75
0.021569245,0.028569676,3.123229253,-0.000782254,0.007675026,0.001021188,0.00013897,0.189795186,-0.127938608,-0.017880529,0.212017935,0.119057103,-0.008667413,0.294750634,0.185269606,-0.006325917,5,9,accumulation,0.75
0.018661607,0.025071026,1.660417895,0.000572148,0.005757394,0.000333213,0.000104804,0.063676135,0.035428009,-0.006922753,0.119609285,0.056855605,-0.010663203,0.180130825,0.091015584,-0.008931326,6,9,accumulation,0.75
0.011924085,0.016317511,2.049282675,0.00096775,0.005724783,0.000728816,0.000104584,0.087967629,0.049607304,-0.001993713,0.119430945,0.046635455,-0.012757139,0.189787122,0.080977506,-0.00944368,7,9,accumulation,0.75
0.018891858,0.023163577,6.362465128,0.001968232,0.006037137,0.001729297,0.000109055,-0.067286948,0.033275775,-0.008344557,0.106681413,0.045824795,-0.013556227,0.119380799,0.043556494,-0.013271807,8,9,accumulation,0.75
0.009286977,0.013462174,1.087081358,-0.00370912,0.006543395,0.003948055,8.90E-05,0.12274931,0.044295147,-0.019678208,0.093417097,0.02439035,-0.012045164,0.103306469,0.021968591,-0.01159554,9,9,accumulation,0.75
0.01563275,0.020325878,2.133379541,-0.001779722,0.006203748,0.002018657,0.000109038,-0.016307411,0.017148221,-0.004318721,0.112334965,0.030478646,-0.010592116,0.174401736,0.045285605,-0.010434486,10,9,accumulation,0.75
0.01491075,0.018942779,1.472962773,0.003141846,0.005292828,0.002902912,6.82E-05,-0.059679568,0.01448975,-0.005441985,0.065786743,-0.005899029,-0.008039019,0.081323449,-0.006842335,-0.0088106,11,9,accumulation,0.75
0.015200802,0.019082563,1.925216602,0.000956325,0.00613443,0.000717391,0.000113274,0.085602716,-0.020920066,-0.011243072,0.105807534,0.007806732,-0.010654888,0.174164949,0.014649533,-0.008823394,12,9,accumulation,0.75
0.019169252,0.025952683,1.798433903,0.001223598,0.005832032,0.000984663,0.000103032,0.032337075,-0.001148537,-0.008333204,0.077920604,-0.003480014,-0.01004567,0.091699345,-0.005393888,-0.010219514,13,9,accumulation,0.75
0.013453313,0.019502466,1.375307591,-0.001755648,0.005485838,0.001994582,8.73E-05,0.048077859,0.002586923,-0.008601351,0.048147964,-0.011050866,-0.011163706,0.05494897,-0.011063271,-0.010594984,14,9,accumulation,0.75
0.008465358,0.008947584,2.891048156,0.00322942,0.005494539,0.002990486,7.49E-05,0.11740114,0.075999238,-0.01580243,0.071744061,0.040398989,-0.002099213,0.106743825,0.061752268,0.000676025,0,9,accumulation,0.5
0.013695036,0.01848009,1.707660558,6.08E-05,0.006048741,0.000178109,0.000111801,0.091332663,0.051337564,-0.01430797,0.123303816,0.065950738,-0.009594769,0.165487127,0.104720833,-0.00673888,1,9,accumulation,0.5
0.008176073,0.00582505,4.250495401,0.001314812,0.003885221,0.001075878,4.87E-05,-0.117018753,-0.107769092,-0.008376849,0.092305391,0.06041189,-0.013084471,0.102534675,0.065621794,-0.012802206,2,9,accumulation,0.5
0.012390617,0.016126565,1.233814024,0.0043036,0.005836178,0.004064665,5.89E-05,0.106437144,-0.07327511,0.009757913,0.107326111,0.062491249,-0.003768682,0.123291296,0.087540987,-0.001390955,3,9,accumulation,0.5
0.010015992,0.013897601,1.745248022,-0.001121687,0.004494015,0.001360621,6.96E-05,0.085347225,-0.06903625,-0.006970316,0.103659138,0.066192525,-0.011050285,0.137543882,0.107945819,-0.008768072,4,9,accumulation,0.5
0.018296358,0.024318862,3.076237964,-0.000757471,0.007049844,0.000996405,0.000131391,0.207799216,-0.148238093,-0.017745472,0.230523982,0.145681781,-0.010630862,0.292494569,0.221490883,-0.007925032,5,9,accumulation,0.5
0.018474043,0.024456,1.918187232,0.002173246,0.005401655,0.001934311,8.79E-05,0.077265955,0.050956593,-0.000657955,0.149747575,0.091073057,-0.006871616,0.207591238,0.144958123,-0.004107453,6,9,accumulation,0.5
0.005491593,0.009849175,1.731556416,-0.002564703,0.005706103,0.002803638,8.59E-05,0.085246705,0.049523787,-0.005240821,0.141599506,0.080048472,-0.010083479,0.217636438,0.137499684,-0.007339834,7,9,accumulation,0.5
0.014867421,0.018494628,4.982343681,0.001640072,0.004720414,0.001401137,8.11E-05,-0.141626298,0.140848964,-0.004828325,0.121660945,0.077117478,-0.014071546,0.136478504,0.074695258,-0.014171386,8,9,accumulation,0.5
0.00184209,0.003427852,1.918543629,-0.005730754,0.007480256,0.005969689,6.48E-05,0.093807927,0.066691244,-0.016218512,0.099843727,0.075016004,-0.014105429,0.107591534,0.079167237,-0.014589879,9,9,accumulation,0.5
0.008942636,0.011594664,2.26119925,-0.000436861,0.00482576,0.000675796,8.24E-05,0.031049774,0.013217615,-0.006131226,0.141705951,0.086537091,-0.010977074,0.180658854,0.132818294,-0.00898002,10,9,accumulation,0.5
0.013285229,0.018926959,1.228260661,0.002438762,0.00472781,0.002199827,3.69E-05,0.113199031,0.094037545,-0.002771507,0.09425101,0.047498209,-0.010233605,0.104500462,0.047382433,-0.010605491,11,9,accumulation,0.5
0.010913541,0.016484745,1.270019674,-0.005067392,0.007650052,0.005306327,0.000101095,0.170704592,-0.047821034,-0.005027473,0.080388721,0.025757907,-0.018140228,0.12275935,0.047976115,-0.019952922,12,9,accumulation,0.5
0.020090605,0.026809502,2.136955685,0.003648507,0.00610791,0.003409573,8.49E-05,0.062633248,0.051868643,-0.009176806,0.095457132,0.051967498,-0.010177701,0.112191081,0.050987677,-0.009957938,13,9,accumulation,0.5
0.002626991,0.005295146,1.958831738,-0.005234447,0.007136169,0.005473382,7.66E-05,0.067435683,0.039973677,-0.006745853,0.120635336,0.067660601,-0.008543418,0.174266119,0.124115059,-0.005977563,14,9,accumulation,0.5