var_error,es_error,kurtosis,mean,w2,mean_error,var_of_returns_error,acf_returns_lag1,acf_returns_lag5,acf_returns_lag20,acf_abs_lag1,acf_abs_lag5,acf_abs_lag20,acf_sq_lag1,acf_sq_lag5,acf_sq_lag20,generation,seed,condition
0.00263054,0.003274112,0.494062124,-0.000110752,0.00153215,0.000359511,3.44E-05,0.145900277,-0.054179881,0.071097947,-0.018899588,-0.01989766,-0.014965594,-0.018976549,-0.018281147,-0.019530858,0,0,replacement
0.004052789,0.004613324,0.645369686,-0.00013632,0.001665528,0.000385079,3.62E-05,0.178524779,-0.047497417,-0.029615026,-0.009671229,-0.044591953,-0.068491339,-0.013952939,-0.053471388,-0.077366744,1,0,replacement
0.00879799,0.011182009,0.761994414,-3.87E-05,0.001366659,0.000287502,1.64E-05,0.196397716,-0.004087201,0.002242803,-0.066737538,-0.06713548,-0.139569943,-0.066362759,-0.072583324,-0.12788528,2,0,replacement
0.009141305,0.014278809,0.543206792,0.000317624,0.001940363,6.89E-05,3.21E-05,0.17946827,-0.049314798,0.033215277,-0.144031781,-0.138130378,-0.076052639,-0.100140999,-0.094247767,-0.083042004,3,0,replacement
0.00674058,0.007177553,0.16336786,0.000335156,0.001495424,8.64E-05,3.17E-05,0.183037033,-0.002493914,0.00384856,-0.058182506,-0.086602196,0.111898775,-0.099483446,-0.074655969,0.053490679,4,0,replacement
0.007800141,0.005738432,0.095936904,0.000422598,0.001620933,0.000173839,3.46E-05,0.206092516,0.014960678,0.017011821,-0.070681816,-0.082112137,0.097306724,-0.097178515,-0.072961697,0.050267472,5,0,replacement
0.005038655,0.002267561,0.045496441,0.000285098,0.001563318,3.63E-05,3.07E-05,0.189434044,-0.012326213,0.021343668,-0.071224915,-0.074707023,0.035293858,-0.102605558,-0.07502078,-0.015819486,6,0,replacement
0.03122621,0.030373379,0.382385375,0.000932379,0.01093721,0.00068362,0.000388278,-0.03476958,-0.212128119,-0.026695665,0.070459215,0.061655424,0.025826152,0.095575321,0.000738121,-0.010057163,7,0,replacement
0.03869513,0.040526739,0.345121491,0.000808146,0.012375966,0.000559387,0.000457781,-0.004765714,-0.176093058,0.0636063,-0.063581458,-0.022360404,0.058810066,-0.007654248,-0.056856563,0.033345846,8,0,replacement
0.037606086,0.041622794,0.398925741,0.001525404,0.012106695,0.001276645,0.000440212,-0.011796126,-0.182920236,0.09794473,-0.090322301,-0.004312678,0.080716474,-0.049375675,-0.043178788,0.075085209,9,0,replacement
0.039595769,0.042727372,0.398746829,0.001827965,0.013025802,0.001579206,0.000483104,-0.029217244,-0.152719678,0.087954242,-0.085586853,-0.021078244,0.054425051,-0.045439611,-0.052759185,0.050232051,10,0,replacement
0.039165193,0.042466379,0.348194198,0.001464615,0.01269183,0.001215856,0.000468997,-0.02402854,-0.125946171,0.093639862,-0.06668522,-0.009403716,0.051108158,-0.047571775,-0.029268369,0.053202936,11,0,replacement
0.039790002,0.043999261,0.194044844,0.00140103,0.01310999,0.001152271,0.000492957,-0.004701573,-0.141665706,0.064461106,-0.12814636,0.014035117,0.142903425,-0.062116483,-0.024696296,0.119385559,12,0,replacement
0.042327491,0.045858211,0.199491169,0.000841449,0.01362084,0.00059269,0.00052305,0.043190997,-0.124207909,0.134849651,-0.093259514,-0.018844847,0.089463527,-0.066679101,-0.03446091,0.10376018,13,0,replacement
0.038469096,0.048700324,0.113507582,0.000630318,0.014447954,0.000381559,0.000568068,0.104784447,-0.147281395,0.168843994,-0.091952527,-0.046857408,0.084899398,-0.090675284,-0.0483898,0.09244308,14,0,replacement
0.002188492,0.003031379,0.258867709,0.000146193,0.000760991,1.50E-05,1.81E-05,0.033292532,-0.022414014,0.06885198,0.015320753,0.011623829,-0.010753962,0.016456137,0.011185287,-0.014428558,0,1,replacement
0.000190816,0.00022597,0.135402376,-0.000510558,0.000898828,0.000641796,1.48E-05,0.001137993,0.007393827,-0.022053837,0.010842032,-0.020236587,-0.039900326,0.027722382,-0.02499487,-0.038981152,1,1,replacement
0.001833669,0.001625842,0.170488609,-0.000533456,0.001447646,0.000664694,2.03E-05,-0.001391007,-0.024355038,-0.042401368,0.083237958,-0.008987466,-0.00728761,0.109546668,-0.009655246,0.007652384,2,1,replacement
0.000455605,0.00194569,-0.23274333,-0.000547355,0.002357687,0.000678593,3.13E-05,0.049504972,-0.053684309,0.025948284,0.086915757,-0.025619583,-0.062599578,0.109523757,-0.01431874,-0.022080134,3,1,replacement
0.000619751,0.00318106,-0.415191943,-0.000619456,0.002433866,0.000750694,2.42E-05,0.057065206,-0.10970823,-0.036435261,0.007636693,0.056397573,0.098821005,0.059181047,0.073785415,0.101404342,4,1,replacement
0.001880069,0.00085152,-0.31894501,-0.000748191,0.002171033,0.00087943,6.06E-06,0.107840809,-0.146538456,-0.033509042,0.036130816,0.141560098,0.050593325,0.082566237,0.112080793,0.094551852,5,1,replacement
0.001532437,0.001352058,-0.260084901,-0.000411335,0.001800183,0.000542574,3.20E-06,0.132468925,-0.083867644,-0.003341677,-0.034712842,0.122607603,0.041352658,0.012996424,0.055355996,0.141456133,6,1,replacement
0.002909581,0.000378954,-0.184982599,-0.000533614,0.001771263,0.000664853,5.46E-07,0.159261386,-0.080432932,0.052839284,-0.044891633,0.109992591,0.065659718,0.04672108,0.094576239,0.141122806,7,1,replacement
0.007682215,0.005202516,-0.457170785,-0.001283051,0.002955544,0.001414289,5.84E-05,-0.018246752,0.021583719,-0.03523366,0.033781964,0.118209239,0.029428802,0.045307309,0.117922603,0.055050235,8,1,replacement
0.007761266,0.005088965,-0.147650206,-0.001293426,0.002943029,0.001424665,5.33E-05,-0.018907063,0.074401045,-0.036485603,0.05610943,0.061889601,0.050942708,0.04427174,0.035163491,0.069175177,9,1,replacement
0.008399987,0.005477226,-0.21675718,-0.001346418,0.0033847,0.001477657,6.69E-05,0.003890625,0.059343154,-0.003151659,0.066755889,0.10277589,0.034641293,0.058204971,0.057654886,0.037887299,10,1,replacement
0.00756694,0.004674057,-0.355134637,-0.002270675,0.004345293,0.002401914,9.07E-05,-0.018542289,0.037004036,-0.063770496,0.021238679,0.095480097,-0.060864417,0.028375044,0.072252644,-0.024909265,11,1,replacement
0.009564729,0.007024391,-0.325113523,-0.002496577,0.004854899,0.002627816,0.000103821,-0.05079515,0.061833449,0.002534898,-0.009770594,0.031660045,-0.033967079,-0.053755296,0.046405514,-0.007139747,12,1,replacement
0.008530288,0.00558859,-0.333597541,-0.002152876,0.004469073,0.002284115,9.60E-05,-0.047094293,0.094677515,0.053755444,-0.006192019,0.013522919,-0.037314814,-0.041399564,0.019749698,-0.009746106,13,1,replacement
0.011783718,0.008890285,-0.209144274,-0.001937214,0.004855809,0.002068452,0.000108052,0.007452968,0.104232306,0.072035558,0.043927538,0.051386127,-0.113145408,-0.005252185,0.078929827,-0.114736159,14,1,replacement
1.87E-05,0.000637169,0.311048233,-0.000888519,0.001539674,0.001154779,2.32E-05,-0.012862666,0.016834092,-0.017047936,-0.014507714,-0.00258477,-0.011352592,-0.015455365,-0.003541137,-0.011804458,0,2,replacement
0.000811617,0.00061239,0.404718953,-0.000789484,0.002074839,0.001055744,3.97E-05,0.00095265,-0.045401825,0.020244746,-0.030779771,-0.004235161,-0.045700435,-0.032315558,-0.007204496,-0.047712863,1,2,replacement
0.00287718,0.003004943,0.307986494,-0.001332712,0.00287631,0.001598972,5.38E-05,0.048273428,-0.08749395,0.068160145,-0.018315089,-0.009973785,-0.051881174,-0.013654237,-0.010773059,-0.05595869,2,2,replacement
0.004768297,0.005274496,-0.084228842,-0.00162722,0.003283369,0.00189348,5.95E-05,0.045666276,-0.09917481,0.099195102,-0.049092068,0.006267848,-0.078230591,-0.028431395,-0.014745194,-0.08505632,3,2,replacement
0.002786861,0.003013712,-0.292075888,-0.00194337,0.003010668,0.00220963,4.40E-05,0.029652978,-0.074768354,0.077540145,0.009787898,-0.03087324,0.029837668,0.014743082,-0.040402129,0.012863027,4,2,replacement
0.004525762,0.006997462,-0.575732658,-0.001303874,0.002842743,0.001570134,4.99E-05,0.07103578,-0.120540965,0.089758354,0.141080956,-0.039857415,0.010591969,0.111790193,-0.030998715,-0.019130765,5,2,replacement
0.004111732,0.006665045,-0.455458953,-0.0010786,0.002365799,0.00134486,4.20E-05,0.127162937,-0.036660107,0.095630352,0.079936341,-0.05436275,0.145415726,0.033354403,-0.029013416,0.093396907,6,2,replacement
0.000964122,0.001296391,-0.517927409,-0.000873783,0.001651577,0.001140043,2.87E-06,0.044333135,0.086015598,0.082449163,0.010342319,0.036769842,-0.111525842,-0.032004391,0.063314239,-0.098824832,7,2,replacement
0.001900443,0.003898331,-0.61520255,-0.000138472,0.001343354,0.000404732,8.98E-06,0.054682774,0.084269866,0.114918636,-0.053052429,0.02249326,-0.0190179,-0.098362729,0.054599896,0.001357553,8,2,replacement
0.001443147,0.003214846,-0.692829463,-0.000622975,0.001690728,0.000889235,9.67E-06,0.068302076,0.009347947,0.131213712,-0.087474877,0.065118141,0.091777841,-0.109153669,0.072390351,0.066056148,9,2,replacement
0.001523201,0.004449432,-0.753629141,-0.00090299,0.001990378,0.00116925,1.28E-05,0.025050028,0.009101242,0.134982785,-0.040242963,-0.012568393,0.067268255,-0.051024063,-0.039905045,0.073616401,10,2,replacement
0.00291513,0.001962687,-0.664089019,-0.000137621,0.002280245,0.000403881,4.06E-05,0.09462439,0.042781576,0.084258228,-0.012171216,0.008377205,0.028284061,0.029090075,0.02217333,0.074868925,11,2,replacement
0.003998663,0.004838045,-0.524577541,0.000113969,0.002500068,0.000152291,5.02E-05,0.085924151,-0.012745137,0.039744672,-0.052521237,-0.055485806,0.005141461,-0.002790196,-0.054974031,0.017812186,12,2,replacement
0.001879617,0.000897667,-0.602360646,0.00012092,0.00266006,0.00014534,5.86E-05,0.063633697,-0.027877628,0.036218219,-0.029771126,-0.02589776,0.037260264,0.001167659,-0.016401552,0.043866489,13,2,replacement
0.002638332,0.00111775,-0.607189912,0.000296907,0.002942814,3.06E-05,6.84E-05,0.047003704,-0.042254147,0.030608478,-0.042695948,-0.048895961,0.049453713,-0.016410956,-0.038428208,0.080684211,14,2,replacement
0.004551038,0.006187218,0.321346924,-0.000630887,0.001434869,0.000923721,2.66E-05,0.057594665,-0.031752591,-0.016108741,0.001869657,-0.011389688,-0.01927585,0.000790562,-0.012399631,-0.018863902,0,3,replacement
0.00349152,0.00452087,0.321564005,2.89E-05,0.000716856,0.000263934,8.82E-06,-0.002422974,-0.081831958,0.023367911,-0.032088803,0.012254923,-0.022276994,-0.029294019,0.014089785,-0.014357025,1,3,replacement
0.001205935,0.001981429,0.163738541,0.000173274,0.000477422,0.00011956,2.44E-06,0.039512695,-0.077034627,0.117164945,-0.013551244,0.020113452,-0.017888598,-0.016324312,0.039298351,-0.044866429,2,3,replacement
0.00179301,0.002386249,-0.230161499,0.000367854,0.001149154,7.50E-05,1.96E-05,0.07721769,-0.119473925,0.111473241,0.088462933,-0.004129617,0.06012613,0.093019491,0.013376878,0.037476912,3,3,replacement
0.001248767,0.00285246,-0.349310631,0.000219215,0.000921267,7.36E-05,1.09E-05,0.095208083,-0.08877825,0.066881616,0.068997435,-0.064920017,0.010219912,0.076370785,-0.045556799,-0.018689565,4,3,replacement
0.001608228,0.003902444,-0.539815859,-5.13E-05,0.001308246,0.000344087,1.75E-05,0.113358283,-0.103580901,0.122891509,0.056294983,-0.078073755,0.089021636,0.079233788,-0.07686601,0.10777822,5,3,replacement
0.002789253,0.005381527,-0.390325506,0.000348969,0.000988823,5.61E-05,1.01E-05,0.086462371,-0.041554787,0.112931402,-0.081491208,-0.164461436,-0.004249801,-0.052814491,-0.154803929,-0.014341037,6,3,replacement
0.000336089,0.00045813,-0.386829082,0.000842681,0.001091523,0.000549847,1.58E-07,0.169226179,-0.08842,0.061262086,-0.039760619,-0.090345704,-0.004974874,0.021222819,-0.082335774,-0.007537707,7,3,replacement
0.000643721,0.001106371,-0.435986518,0.000522711,0.001079765,0.000229876,3.53E-06,0.15682383,-0.029512995,-0.017792131,-0.087934755,-0.154151917,-0.029816832,-0.070436221,-0.107461566,-0.041486516,8,3,replacement
0.000407523,0.002763129,-0.464153841,0.000681749,0.001557297,0.000388915,2.32E-05,0.153204508,-0.030074806,-0.0637533,-0.039713216,-0.130584424,-0.066539357,-0.028324926,-0.126774127,-0.067306854,9,3,replacement
0.003987602,0.001189223,-0.333530621,0.00040109,0.001854582,0.000108256,3.55E-05,0.160659114,-0.036192283,-0.059548462,-0.078691974,-0.105621286,-0.127049982,-0.076655852,-0.092682267,-0.117242514,10,3,replacement
0.005918482,0.002949121,-0.310544877,-0.000193954,0.002590484,0.000486788,5.64E-05,0.137101227,-0.020167519,-0.054291731,-0.066197054,-0.061494102,-0.090694616,-0.063285153,-0.05731334,-0.111926668,11,3,replacement
0.008877894,0.005854095,-0.089467192,-0.000594332,0.002977763,0.000887166,6.15E-05,0.166725503,-0.017433422,-0.06653448,-0.016213719,-0.035317812,-0.175618113,-0.005094445,-0.047884788,-0.156123033,12,3,replacement
0.010614189,0.008873234,-0.031790011,-0.000472414,0.003097642,0.000765249,7.34E-05,0.199298445,-0.050998372,-0.097315593,-0.049555422,-0.054211178,-0.191080533,-0.026316072,-0.060343293,-0.1619611,13,3,replacement
0.009945345,0.007729663,-0.221747975,-0.00024801,0.003419123,0.000540844,8.86E-05,0.171602931,-0.033257261,-0.083195001,-0.056989309,-0.055228752,-0.253460209,-0.036737825,-0.058017024,-0.196074338,14,3,replacement
0.002343273,0.00215494,0.282928679,-1.25E-06,0.00131196,0.000257772,2.93E-05,0.003501589,0.026844076,-0.05640514,-0.015612288,-0.013845189,0.008897141,-0.016819056,-0.016247121,0.01789882,0,4,replacement
0.001707793,0.002241851,-0.127533142,-0.000472501,0.001367208,0.000729027,2.71E-05,0.125770458,-0.001595373,-0.122014872,-0.027361991,-0.007879258,0.047180613,-0.036854558,-0.004441313,0.082028938,1,4,replacement
0.002121532,0.003018891,-0.184243631,-0.000159863,0.001412634,0.00041639,3.11E-05,0.216032176,0.027869728,-0.188123166,0.011130114,0.016950857,0.030371091,-0.024345759,-0.005228747,0.079014463,2,4,replacement
0.000404608,0.000644787,0.070825934,-0.000242162,0.001723509,0.000498689,3.28E-05,0.225633107,-0.033269998,-0.200528431,-0.062895504,-0.001916954,0.112401783,-0.091227293,-0.017822677,0.134810304,3,4,replacement
0.005704045,0.00831792,0.479609779,-0.000746736,0.001703703,0.001003262,1.65E-05,0.171355563,-0.082897126,-0.175035666,0.010367183,-0.039696214,0.165237099,0.003419686,-0.069351044,0.189562501,4,4,replacement
0.004503577,0.00584074,0.116554236,-0.000556557,0.001473533,0.000813084,8.31E-06,0.15758145,-0.102924437,-0.135332128,0.023029987,-0.056103138,0.14829372,0.008503501,-0.070181266,0.192227178,5,4,replacement
0.004405323,0.003972205,-0.034271257,-0.000540401,0.001231822,0.000796927,9.90E-06,0.172772849,-0.085261031,-0.200663175,-0.003501681,-0.09065227,0.192338265,0.003617934,-0.064264714,0.287893697,6,4,replacement
0.003808073,0.002776115,-0.163830896,-0.00065158,0.001711443,0.000908107,2.45E-05,0.182758049,-0.078122313,-0.241682149,-0.040311813,-0.074371955,0.186777797,-0.015882098,-0.068259557,0.211298881,7,4,replacement
0.005662436,0.003182161,-0.092922394,-0.000942884,0.002288991,0.001199411,3.89E-05,0.184823324,-0.084111308,-0.233093248,-0.132552731,-0.075961349,0.125104564,-0.051551969,-0.056467363,0.101328597,8,4,replacement
0.008966463,0.008288017,0.348297787,-0.000314619,0.002695421,0.000571146,6.18E-05,0.159633546,-0.086276511,-0.221619987,-0.102339232,-0.122629527,0.123194653,-0.062717978,-0.118393816,0.138245216,9,4,replacement
0.008705252,0.006129286,0.326089766,-2.09E-06,0.002973005,0.000258616,6.89E-05,0.174911442,-0.081927896,-0.258794787,-0.130922355,-0.107004281,0.061074533,-0.116674547,-0.141743078,0.083489574,10,4,replacement
0.008728017,0.006002198,0.198775484,0.000199276,0.002985562,5.73E-05,7.38E-05,0.17146555,-0.06776033,-0.242348506,-0.144921583,-0.0519476,0.062145401,-0.143573906,-0.108375573,0.082384047,11,4,replacement
0.009464457,0.006652239,0.212036515,0.000509945,0.002919627,0.000253418,6.99E-05,0.134835202,-0.020086348,-0.297932845,-0.219588397,-0.109253721,0.116661628,-0.193635055,-0.144864276,0.125988152,12,4,replacement
0.013516689,0.010772365,0.377560059,-0.000220557,0.003799295,0.000477084,9.45E-05,0.16295393,-0.015688566,-0.310310858,-0.081171535,-0.167013147,0.13779173,-0.100438608,-0.163862743,0.123913969,13,4,replacement
0.016041142,0.013297803,0.289156604,8.04E-05,0.004322948,0.000176134,0.000116324,0.158561941,-0.082201779,-0.34352379,-0.147679422,-0.055498748,0.143682448,-0.13111713,-0.092434776,0.17034528,14,4,replacement
0.000998943,0.00156341,0.190893465,-0.000338028,0.000711318,0.000662637,5.42E-07,-0.025499117,-0.039954707,0.020220208,-0.021952176,-0.01945428,-0.018600114,-0.023106512,-0.0180364,-0.016883809,0,5,replacement
0.000748579,0.000725823,0.334946574,-0.000858261,0.001573226,0.001182871,2.23E-05,-0.036673416,-0.09174583,0.11146944,0.007619138,-0.001733261,0.000909612,0.012583723,-0.013063962,-0.008846378,1,5,replacement
0.004064436,0.003066504,-0.028600278,2.05E-05,0.001576631,0.000304066,3.42E-05,-0.089445792,-0.056591935,0.107416865,-0.008706645,-0.036309541,-0.025977005,0.027258859,-0.05119881,-0.032743996,2,5,replacement
0.002874923,0.005163434,-0.019611941,0.000593118,0.001312365,0.000268509,2.58E-05,-0.119651482,-0.096036919,0.16735507,0.03540766,-0.050429213,0.049055178,0.072926681,-0.0653264,0.070570936,3,5,replacement
0.003894782,0.006686642,-0.331282408,0.000318063,0.001207942,6.55E-06,1.91E-05,-0.115689776,-0.120993342,0.189140444,-0.004910278,-0.061366104,0.049129855,0.048561141,-0.06807738,0.031213572,4,5,replacement
0.000950591,0.002260723,-0.198800255,0.00028381,0.000879116,4.08E-05,7.15E-06,-0.06882327,-0.203621317,0.196282597,-0.005197597,-0.048144353,0.011015718,0.046689399,-0.07651104,0.032528249,5,5,replacement
0.002671491,0.005418969,-0.277086139,0.000296605,0.00111847,2.80E-05,1.47E-05,-0.126455481,-0.169876087,0.146098492,-0.004848315,-0.051384712,-0.013095808,0.02205681,-0.067715462,-0.005404487,6,5,replacement
0.002710513,0.005621948,-0.427480701,0.000189823,0.001169763,0.000134786,1.57E-05,-0.121715359,-0.124811593,0.134937297,-0.047130587,-0.087590511,0.035417791,-0.040655151,-0.099359903,0.026559742,7,5,replacement
0.002181511,0.004982666,-0.636255035,0.000165364,0.00156938,0.000159246,2.50E-05,-0.071831461,-0.145283734,0.130925838,-0.138450185,-0.121971846,0.015363104,-0.124329055,-0.104093527,0.054560701,8,5,replacement
0.001593701,0.001128023,-0.057830501,-0.000206941,0.002919547,0.000531551,6.93E-05,-0.154363368,-0.13231821,0.069667972,-0.142142858,-0.065674217,0.14347099,-0.112680132,-0.087582589,0.095933994,9,5,replacement
0.006830789,0.005963198,-0.440297093,0.000285246,0.005884123,3.94E-05,0.000171494,-0.229863097,-0.107179059,0.002249635,-0.215713272,-0.094142165,-0.020386307,-0.153700658,-0.123859702,-0.045296339,10,5,replacement
0.007428761,0.005041255,-0.321128621,0.000108283,0.00601688,0.000216327,0.000179053,-0.251600276,-0.159887326,0.003883727,-0.144867859,-0.020294343,0.021609217,-0.109898001,-0.06808803,-0.011066829,11,5,replacement
0.007781177,0.005162722,-0.38385023,0.000310599,0.005868503,1.40E-05,0.000176238,-0.257360914,-0.170692458,0.023484043,-0.169906986,-0.006417334,-0.024913441,-0.127126005,-0.052465898,-0.047795822,12,5,replacement
0.013802234,0.011264901,-0.066724939,0.000978774,0.007767955,0.000654164,0.000250001,-0.26401352,-0.108258962,0.044162665,-0.135754706,-0.001124019,-0.025290204,-0.115156429,-0.02888962,-0.056690637,13,5,replacement
0.009889883,0.006900563,-0.084606391,0.00121466,0.007672218,0.000890051,0.000243037,-0.256460163,-0.090616967,0.054034233,-0.126562878,0.01874526,0.015818498,-0.137522095,-0.029362414,-0.045264603,14,5,replacement
0.002023857,0.001620338,0.632990268,5.09E-06,0.001172155,0.000253703,2.23E-05,-0.006973769,0.016693519,-0.052546785,-0.007401304,-0.002062622,-0.007227077,-0.010167553,-0.002204804,-0.010727861,0,6,replacement
0.004398723,0.00404453,0.641962652,0.000641437,0.002004582,0.000382643,4.34E-05,0.046084831,0.006747755,-0.032404494,-0.015724128,-0.026146508,-0.045402778,-0.011087295,-0.030677285,-0.0478517,1,6,replacement
0.005787595,0.006244122,0.651661841,3.15E-05,0.002233266,0.00022733,4.66E-05,-0.003279047,-0.002193199,-0.040587796,-0.061944094,-0.087730398,-0.058868634,-0.054361862,-0.075244759,-0.042059095,2,6,replacement
0.006094176,0.006799773,0.249037957,0.000133521,0.002262351,0.000125273,4.84E-05,0.031666589,0.0101235,0.054772164,-0.100793531,-0.020892413,-0.060556475,-0.071460703,-0.01752073,-0.072202021,3,6,replacement
0.008874269,0.011128827,-0.014062949,0.000513573,0.002363193,0.000254779,4.72E-05,-0.00360507,-0.0351666,0.069195102,-0.05269372,0.027117655,-0.14827782,-0.019739015,-0.032223641,-0.162333388,4,6,replacement
0.004094094,0.006560375,-0.549497367,0.000176881,0.001025349,8.19E-05,7.94E-06,-0.075468421,-0.140602762,0.074414446,0.01604953,-0.065863109,-0.091969952,0.021888573,-0.055978588,-0.080461394,5,6,replacement
0.000387684,0.003109546,-0.758313569,0.000162219,0.002236013,9.66E-05,3.09E-05,0.009660898,-0.209767948,0.099564373,0.144093678,-0.144017977,0.11603147,0.181096836,-0.0800929,0.154545211,6,6,replacement
0.00054243,0.001456567,-0.730490589,-6.38E-05,0.002388394,0.000322615,3.04E-05,0.000340573,-0.21002909,0.154899281,0.081472008,-0.204453287,0.014898674,0.100059473,-0.096682412,0.052477865,7,6,replacement
0.002828986,0.004314574,-0.66717329,0.000116882,0.002910634,0.000141912,5.04E-05,-0.037589662,-0.219838349,0.127669687,0.084688596,-0.266906689,0.01983889,0.080727359,-0.173755833,-0.009520574,8,6,replacement
0.005635579,0.00379306,-0.661483346,0.00010169,0.002931798,0.000157104,5.59E-05,-0.040480068,-0.211318857,0.151592989,0.098286739,-0.190168115,0.005938559,0.07513142,-0.126735682,0.020312143,9,6,replacement
0.004786491,0.009158472,-0.469035785,0.000250675,0.003010542,8.12E-06,5.57E-05,-0.077854313,-0.237957691,0.176914991,0.115221391,-0.194893588,0.03632393,0.117951191,-0.123631498,0.051096724,10,6,replacement
0.011416247,0.0108123,-0.157264567,0.00065035,0.003598315,0.000391556,9.78E-05,-0.09341493,-0.203244417,0.154061339,0.110672161,-0.023644445,0.015562582,0.046074516,-0.057401252,-0.01435361,11,6,replacement
0.014389703,0.012047334,-0.040924413,0.000548244,0.004653328,0.00028945,0.000132504,-0.130859322,-0.218551637,0.064195378,0.101871891,-0.012065216,-0.006278137,0.05854699,-0.025659951,0.003523564,12,6,replacement
0.017573315,0.015802852,0.156617389,0.000412738,0.004996086,0.000153944,0.000145218,-0.108014179,-0.246837508,0.042158163,0.123562513,0.009316938,-0.016366011,0.075110624,-0.009015161,-0.018358775,13,6,replacement
0.023294365,0.026832758,0.584773368,0.00096967,0.007478049,0.000710876,0.000236751,-0.052771652,-0.244254237,0.042416182,0.01412868,0.095225459,-0.02921365,-0.015594052,0.039809623,-0.049433388,14,6,replacement
0.001772045,0.001445775,3.327921764,0.000798898,0.002529532,0.000629695,4.70E-06,0.005401248,-0.039449988,-0.03486008,-0.012822102,-0.013594561,-0.021810533,-0.012505684,-0.016120516,-0.021146184,0,7,replacement
0.005944938,0.006161426,6.592020693,0.001216901,0.003763587,0.001047699,1.99E-05,-0.02011375,-0.017062466,-0.036488869,-0.010177385,-0.03110179,-0.009357401,0.000252862,-0.025680899,-0.008326479,1,7,replacement
0.006702079,0.00702845,8.080466957,0.001489438,0.004266939,0.001320236,3.00E-05,-0.077357105,-0.098463472,0.011696441,0.073646502,-0.032567728,0.002693793,0.065606932,-0.024950409,-0.013472594,2,7,replacement
0.006651505,0.008770819,4.425130882,0.001405698,0.003462971,0.001236495,2.92E-05,-0.087699916,-0.165195809,0.010116395,0.019619767,0.039342609,0.010071145,0.084950978,-0.027719413,-0.012433689,3,7,replacement
0.006242762,0.00910811,4.267631317,0.00179536,0.003517523,0.001626158,1.86E-05,-0.091251708,-0.172998265,-0.002907938,-0.062437882,0.04611628,0.028669372,0.002781181,-0.028526066,-0.014257738,4,7,replacement
0.004670876,0.006008874,3.687251116,0.002598935,0.003764792,0.002429733,4.79E-06,-0.077211589,-0.095483954,-0.127970903,-0.037870994,-0.08463124,-0.072576766,-0.00281058,-0.062561423,-0.063255831,5,7,replacement
0.002910768,0.00448136,2.84510231,0.002750089,0.003627406,0.002580886,4.78E-06,-0.037588865,-0.050269325,-0.084099655,-0.014125397,-0.061273605,-0.105756869,-0.005590847,-0.058122231,-0.069861869,6,7,replacement
0.002597284,0.005296367,2.324214057,0.003127438,0.003855882,0.002958235,1.16E-05,-0.050632535,0.023660093,-0.068706314,-0.015084894,-0.025291759,-0.118538039,-0.029964262,-0.04950071,-0.06594628,7,7,replacement
0.002781713,0.004493247,2.168483934,0.00326122,0.003991689,0.003092017,2.16E-05,-0.020142304,-0.004029116,-0.006822739,-0.060395424,-0.007612623,-0.105635706,-0.010909796,-0.046500312,-0.064360869,8,7,replacement
0.002109992,0.002675449,1.664241594,0.003090798,0.003775467,0.002921596,2.60E-05,-0.01083624,-0.018608091,-0.003710654,-0.051503323,-0.010965552,-0.125544664,0.000502836,-0.049526301,-0.09321681,9,7,replacement
6.58E-06,0.000390728,1.835204992,0.003233878,0.00407575,0.003064676,3.73E-05,0.019055981,-0.026091927,-0.046932517,-0.101142985,-0.041898754,-0.10480126,-0.038750285,-0.067475847,-0.088148046,10,7,replacement
0.002534594,0.005101881,1.113177154,0.003012099,0.004006496,0.002842897,4.56E-05,0.029779253,-0.070338257,-0.046924204,-0.0595898,0.025710704,-0.083025011,-0.011597313,-0.030609197,-0.084964638,11,7,replacement
0.002440835,0.004892481,1.257241208,0.002495436,0.003958298,0.002326234,5.45E-05,0.01869742,-0.107768777,-0.037680084,-0.073286167,0.036173507,-0.049228121,-0.012512538,-0.019945701,-0.064143039,12,7,replacement
0.000231291,0.002796617,1.299152436,0.0024381,0.003884724,0.002268898,5.70E-05,-0.032388805,-0.118182175,-0.007084739,-0.02961959,0.044106297,-0.106154959,0.035720611,-0.017102813,-0.096774687,13,7,replacement
0.008440072,0.00676627,0.511892667,0.001306608,0.004499535,0.001137405,0.000113721,0.048082784,-0.093715691,-0.011002594,-0.056637044,-0.053210814,-0.128254333,0.026143038,-0.042004789,-0.106408789,14,7,replacement
0.000600756,0.000411787,0.188950336,-0.000385808,0.000909361,0.000634317,1.52E-05,-0.004430156,-0.022972236,-0.013544346,-0.010217456,-0.001384393,-0.006209376,-0.009624454,-0.000765273,-0.007018656,0,8,replacement
0.003788378,0.004303922,0.039763764,-0.000700333,0.001881256,0.000948843,3.69E-05,-0.029475304,-0.003913762,0.013579231,0.002531447,0.008331862,-0.003307226,0.004805019,0.009612151,-0.00277104,1,8,replacement
0.004317193,0.00542236,-0.250519593,-0.001001078,0.002028126,0.001249587,3.47E-05,-0.006968491,0.091686249,0.011863411,-0.064380008,-0.0169318,0.029332584,-0.040930979,-0.00602267,0.040621838,2,8,replacement
0.004788951,0.007081424,-0.298614831,-0.001025512,0.002085312,0.001274021,3.47E-05,0.014034391,0.165382261,0.150262295,-0.053746287,-0.033370757,0.113772708,-0.03748651,0.007157655,0.118618561,3,8,replacement
0.004491212,0.00714649,-0.260267679,-0.001554126,0.002359429,0.001802636,6.49E-06,-0.010209453,0.132453924,0.158352328,-0.060313335,-0.049999562,0.087667266,-0.082971923,-0.069507786,0.147381072,4,8,replacement
0.002912615,0.00521565,-0.459954047,-0.001863451,0.002694347,0.002111961,1.52E-05,-0.074132758,0.185612411,0.253009206,-0.049665313,0.085049315,0.152154357,-0.075242325,0.048243557,0.189150193,5,8,replacement
0.000518222,0.003148464,-0.461850151,-0.001986539,0.002761751,0.002235049,2.49E-05,-0.100135919,0.155521654,0.222316734,0.000281905,0.019741316,0.114540916,0.002997658,-0.017366908,0.096041067,6,8,replacement
0.00030704,0.002744909,-0.35041021,-0.002144792,0.003029544,0.002393302,3.27E-05,-0.098872358,0.152422136,0.194005797,-0.042704708,-0.011215161,0.129074423,-0.029466905,-0.054340168,0.129879233,7,8,replacement
0.001445761,0.001503908,-0.505842902,-0.001361815,0.003006307,0.001610324,5.75E-05,-0.027001035,0.121108634,0.176582095,0.080509282,0.070173165,0.140523315,0.017375205,0.009762448,0.163378161,8,8,replacement
0.004326921,0.002664885,-0.351889317,-0.00121795,0.003282409,0.00146646,7.16E-05,-0.004241103,0.113853432,0.164351996,0.001043035,-0.012479676,0.088386752,-0.048515288,-0.080316184,0.132868956,9,8,replacement
0.003982538,0.001071638,-0.390906099,-0.001503565,0.003740489,0.001752074,8.21E-05,0.015381184,0.061829928,0.128892136,0.022686356,-0.069543143,0.14576049,-0.012472387,-0.096058763,0.15623678,10,8,replacement
0.003523696,0.001508473,-0.541701415,-0.001815601,0.004511105,0.00206411,0.000104405,-0.030003598,0.054968522,0.151355171,0.069988113,0.009995693,0.16525374,0.013400908,-0.052676354,0.151804062,11,8,replacement
0.004168135,0.002754818,-0.772983732,-0.001882357,0.004863599,0.002130866,0.000114792,-0.029912989,0.032371228,0.096956465,0.120145515,-0.020962913,0.187141978,0.045970366,-0.038720082,0.187350673,12,8,replacement
0.005957109,0.005494594,-0.580096407,-0.001968595,0.005049773,0.002217105,0.000124012,-0.052088259,0.031648029,0.076363859,-0.002876766,-0.038080314,0.122314763,-0.011366616,-0.076199229,0.118268863,13,8,replacement
0.005438993,0.00373448,-0.665433586,-0.001691015,0.004809403,0.001939524,0.000119579,-0.078178154,0.0360832,0.068246985,-0.005862544,-0.06320299,0.125494002,-0.011363718,-0.10483301,0.106281023,14,8,replacement
0.000705084,0.001405212,0.273799385,0.000270783,0.00049667,3.08E-05,6.81E-06,-0.012220754,0.016340449,0.003468738,-0.017453977,-0.021976747,-0.014459606,-0.021478456,-0.022982708,-0.018435273,0,9,replacement
0.00088776,0.001481502,0.477375219,0.000295331,0.001089935,6.28E-06,1.82E-05,0.040170551,-0.03606997,-0.030042876,-0.089105625,-0.021726011,0.067030607,-0.09002711,-0.021127022,0.094938845,1,9,replacement
0.00196874,0.002279877,0.487917825,-0.000352835,0.001445786,0.000654451,2.65E-05,0.012624946,-0.024636074,-0.115658184,-0.120064129,-0.106561915,0.135145704,-0.109591043,-0.088577611,0.153942916,2,9,replacement
0.004156436,0.003653894,0.7305901,-0.000366712,0.002332946,0.000668327,4.52E-05,0.113675951,-0.06138884,-0.058905994,-0.071946819,-0.183878298,0.005352992,-0.072526926,-0.153436514,0.074245926,3,9,replacement
0.002017971,0.00109806,0.265563305,-0.000913662,0.002276818,0.001215277,4.08E-05,0.096009717,-0.067361517,-0.023458795,-0.076435013,-0.23718262,-0.025725243,-0.074682451,-0.179348883,-0.027993854,4,9,replacement
0.000890589,0.00027443,0.115609487,-0.000723616,0.001800829,0.001025232,3.04E-05,0.079765073,-0.04836753,0.054089992,0.032533458,-0.188999063,-0.062802004,-0.016373149,-0.154912044,-0.050027331,5,9,replacement
0.000416697,0.00143567,0.234819489,-0.000417018,0.00126732,0.000718634,1.88E-05,0.064006971,-0.052053616,0.043195031,0.022603963,-0.175550156,-0.11656113,-0.015964057,-0.110722076,-0.056870636,6,9,replacement
0.002153548,0.004886824,0.289669187,-0.000625857,0.001311777,0.000927473,1.10E-05,0.030498378,-0.028418739,0.047073632,-0.038169713,-0.213536402,-0.138334202,-0.054421951,-0.123609784,-0.096819872,7,9,replacement
0.001084696,0.00636535,0.255834538,-0.000519013,0.001246134,0.000820628,5.07E-06,0.082816617,-0.095257831,0.058713378,0.018824633,-0.144534006,-0.120203489,-0.036830385,-0.120411156,-0.035691477,8,9,replacement
0.008375987,0.006583466,-0.177339099,0.001050439,0.005419306,0.000748824,0.000158448,0.033415478,-0.028703895,-0.028727713,0.225714138,-0.020149532,-0.109882232,0.247682346,-0.010390664,-0.102024158,9,9,replacement
0.009880488,0.007587257,-0.225462439,0.001425742,0.006387417,0.001124127,0.000192635,0.01869026,-0.009260885,-0.046322365,0.159168611,-0.037365589,-0.048840149,0.132257597,-0.04810485,-0.053576606,10,9,replacement
0.013610555,0.011173493,-0.041740157,0.001020671,0.00697208,0.000719056,0.000217963,-0.002835613,-0.025731269,-0.08354094,0.148749019,-0.013685232,-0.072309566,0.079449487,-0.013624209,-0.03411722,11,9,replacement
0.01500262,0.012528813,0.113923035,0.001065925,0.007438375,0.000764309,0.000234387,0.023045651,-0.03625843,-0.066591416,0.149027905,-0.000111413,-0.105493287,0.056984235,0.022753847,-0.07903148,12,9,replacement
0.023103487,0.020790688,0.370991418,0.001797814,0.009041979,0.001496199,0.000296245,0.095182637,-0.071922842,-0.082603926,0.067528889,0.058372497,-0.098012767,0.018737204,0.064368565,-0.08305926,13,9,replacement
0.020894584,0.019106659,0.377790696,0.002035621,0.008873067,0.001734006,0.000287185,0.080657455,-0.090155299,-0.063478969,0.096343695,0.084691221,-0.10891908,0.050684257,0.080287725,-0.110072826,14,9,replacement
0.000862461,0.001539453,0.199004965,-0.000751655,0.001072594,0.000989041,8.57E-06,0.029327397,0.010107934,-0.02542202,-0.012420335,-0.011880778,-0.012936349,-0.013211961,-0.012618826,-0.012728299,0,10,replacement
0.011750204,0.017203747,1.369825919,-0.000111191,0.00304365,0.000348578,7.34E-05,0.119534122,0.063582328,-0.084374578,-0.029631682,-0.062140299,0.007084525,-0.038229986,-0.06189375,0.001495725,1,10,replacement
0.010248426,0.012064821,0.457938078,-0.000967074,0.003929812,0.001204461,0.00010296,0.234595258,0.027438383,-0.091901409,0.001950208,-0.037078125,0.013073698,0.032547732,-0.024025803,-0.018773787,2,10,replacement
0.00804819,0.009230896,-0.110480161,-0.002028234,0.00408331,0.00226562,9.45E-05,0.242377133,0.046883709,-0.068342282,0.009070447,-0.049439987,-0.025509164,0.018785301,-0.029874536,-0.038597597,3,10,replacement
0.012026653,0.013353704,-0.248501819,-0.00269518,0.005219711,0.002932567,0.000121039,0.259227205,-0.04072158,-0.082057827,-0.00088627,-0.030031137,0.004230602,3.86E-05,1.69E-06,0.018131701,4,10,replacement
0.012686116,0.01511596,-0.091885919,-0.002191328,0.00490802,0.002428715,0.00011856,0.258823057,-0.084127652,-0.102955719,-0.029586447,-0.010096202,0.037267119,-0.011113454,0.003417677,0.03543806,5,10,replacement
0.009875151,0.019586517,0.065863389,-0.002457702,0.005625471,0.002695089,0.000135609,0.220597402,-0.06344091,-0.078739306,-0.030060415,-0.046786646,0.071725126,-0.039675795,0.000424179,0.050997329,6,10,replacement
0.012580804,0.021974786,0.117126004,-0.002870508,0.006438304,0.003107895,0.000163959,0.211386544,-0.031907125,-0.062411832,-0.036168741,-0.044174646,0.064341253,-0.074434973,-0.002084136,0.029956037,7,10,replacement
0.02029263,0.02042495,0.027007692,-0.002615462,0.006549306,0.002852849,0.000177593,0.206452497,-0.04565944,-0.063275641,-0.026703003,-0.086800626,0.063184919,-0.057671405,-0.039697057,0.036813045,8,10,replacement
0.018409438,0.020452778,-0.213499206,-0.002707634,0.006693928,0.002945021,0.00018193,0.191542399,-0.049065641,-0.051802332,0.011808164,-0.11349638,0.059836276,-0.052140247,-0.089945343,0.064385984,9,10,replacement
0.020421891,0.020243927,-0.362153652,-0.00234441,0.007544089,0.002581797,0.000221586,0.173660844,-0.042847306,-0.062185468,0.079341807,-0.091556733,0.108734409,-0.027198191,-0.072340855,0.114251539,10,10,replacement
0.018583116,0.017779457,-0.432799138,-0.002764406,0.008137463,0.003001792,0.000239118,0.206647147,-0.022275682,-0.064369988,0.036448153,-0.122041613,0.135186216,-0.054029909,-0.054143543,0.146495715,11,10,replacement
0.020446373,0.020169734,-0.095637652,-0.002527304,0.007948156,0.002764691,0.000238219,0.177325442,-0.063933363,-0.054352532,-0.000527009,-0.100570713,0.099586293,-0.091818256,-0.045433671,0.107823568,12,10,replacement
0.019491463,0.021316266,-0.196184478,-0.002398348,0.008461157,0.002635735,0.000263274,0.126533311,-0.053664432,-0.056050518,-0.030176743,-0.106190789,0.079505099,-0.113037782,-0.068260503,0.110020007,13,10,replacement
0.018878097,0.022517311,0.016888353,-0.00215667,0.008428434,0.002394057,0.000265303,0.110147597,-0.05932674,-0.035012265,-0.047497158,-0.057238489,0.028142376,-0.099940812,-0.025162981,0.072065515,14,10,replacement
0.002615564,0.002201171,0.611121898,0.001274005,0.001406431,0.001026711,1.50E-05,-0.036547606,-0.056160679,-0.012734312,-0.016065305,-0.011429751,-0.002320014,-0.01440671,-0.008854147,-0.000750561,0,11,replacement
0.00407411,0.003730859,0.702495466,0.001358411,0.001817574,0.001111118,2.78E-05,-0.010783839,-0.080236467,0.024417806,-0.030941871,-0.006138994,0.044076281,-0.031781911,0.003235169,0.056269423,1,11,replacement
0.007370499,0.007983872,0.916348113,0.001563666,0.002307045,0.001316372,2.46E-05,0.014167523,-0.055744586,-0.004763901,-0.051579626,-0.06258437,0.061721584,-0.041539387,-0.059912876,0.13820178,2,11,replacement
0.007734263,0.009515948,0.960720295,0.001591447,0.002298725,0.001344154,2.23E-05,-0.001404394,-0.006612508,-0.06153351,-0.050836245,-0.069182729,0.13169305,-0.029080631,-0.060932131,0.138459086,3,11,replacement
0.008222207,0.010111888,1.345813936,0.001687717,0.002718166,0.001440423,4.01E-05,0.041102,0.037105927,-0.05348572,-0.088707389,-0.100700468,0.119183175,-0.054427356,-0.067819183,0.092555944,4,11,replacement
0.009385584,0.012046947,2.047748505,0.001806665,0.003354148,0.001559372,4.64E-05,0.026273406,0.053121435,-0.01407104,-0.107904835,-0.008618399,0.138841581,-0.063483148,-0.00908442,0.183730589,5,11,replacement
0.006847661,0.009600434,1.324439782,0.001563197,0.002681741,0.001315904,3.37E-05,0.033049391,0.017589242,0.042106429,-0.030579749,0.006187209,0.177992347,-0.023366259,0.030725058,0.208289514,6,11,replacement
0.007231609,0.009734512,0.639608909,0.0014527,0.002160483,0.001205406,2.52E-05,-0.02102605,-0.040339457,-0.023510456,-0.028364335,0.018902734,0.091266,-0.03589448,0.037768788,0.079539291,7,11,replacement
0.006836232,0.009655723,1.325230282,0.001452385,0.002493049,0.001205092,2.38E-05,-0.029436224,-0.048466698,0.017473574,0.028302496,0.073067593,0.090699653,-0.017893829,0.082593343,0.039363932,8,11,replacement
0.005835811,0.007453936,0.565271094,0.001166312,0.001977221,0.000919019,1.48E-05,-0.037688535,0.046073048,0.0437706,-0.044284081,-0.007800303,0.077816365,-0.059210069,-0.002165598,0.050971479,9,11,replacement
0.005583833,0.008071601,0.95184971,0.001181656,0.002312604,0.000934363,1.52E-06,-0.043817173,0.052468644,0.043416709,0.009894601,0.027779174,0.043026599,-0.029018462,0.007440501,0.050969945,10,11,replacement
0.004198474,0.007059195,1.167522952,0.001626576,0.002576223,0.001379282,1.06E-05,-0.048024921,0.044663312,0.084978282,0.021947358,-0.002477775,0.08494135,-0.014747078,-0.016217971,0.056084385,11,11,replacement
0.005211185,0.008189005,0.673156891,0.001556061,0.002950906,0.001308767,3.56E-05,-0.018928213,-0.021541337,0.047150138,0.038728981,-0.022264233,0.041951436,0.004385204,-0.018357461,0.027424421,12,11,replacement
0.004738277,0.007317535,0.722735971,0.001714382,0.002958906,0.001467089,3.76E-05,-0.057212529,-0.001648387,0.051045392,0.070823077,-0.033746844,0.009686915,0.033128181,-0.038431506,0.007417152,13,11,replacement
0.005216288,0.008035001,0.306415358,0.001988096,0.003219982,0.001740802,4.62E-05,-0.106581535,-0.009928903,0.017008727,0.132044259,0.000218166,0.097622267,0.068358717,-0.01240258,0.086837359,14,11,replacement
0.001597223,0.002318255,0.196849512,-0.000333089,0.000762512,0.000567225,1.09E-05,-0.088786736,-0.016619404,0.025230771,0.001265668,-0.001629806,-0.021303455,-0.001319931,0.005423953,-0.022135394,0,12,replacement
0.000127262,0.000507637,0.365933928,-1.16E-05,0.000609693,0.000245775,6.40E-06,-0.114962018,0.006222452,0.125561942,-0.072877715,0.017955261,-0.032111651,-0.067086833,0.034131874,-0.040115841,1,12,replacement
0.00168157,0.002264031,0.064301404,-0.000724312,0.00117043,0.000958448,7.99E-06,-0.106614897,0.021413659,0.160317961,-0.085819927,0.038366688,-0.011048335,-0.082828717,0.024238218,-0.029157483,2,12,replacement
0.001090124,0.000225152,0.001152255,-0.000738156,0.001026286,0.000972292,2.53E-06,-0.165398852,0.026480018,0.254662482,-0.084056963,-0.029267157,-0.007389195,-0.101774045,-0.056964436,-0.047284146,3,12,replacement
0.003721814,0.001715696,-0.208946908,-0.000265219,0.001468524,0.000499355,2.53E-05,-0.241820067,0.044643892,0.203835491,-0.073144774,-0.098408177,-0.054712422,-0.079679114,-0.041284269,-0.021053243,4,12,replacement
0.005298592,0.002827897,-0.058476936,-0.000915425,0.001979004,0.001149561,3.52E-05,-0.187081455,0.008974888,0.255651733,-0.065675868,-0.086423734,0.030985322,-0.088414455,-0.003546584,0.064357285,5,12,replacement
0.004295004,0.002304296,-0.417851703,-0.001114665,0.002413307,0.001348802,4.43E-05,-0.206579437,0.016867061,0.257396554,-0.066294375,-0.07464734,-0.021906355,-0.092447762,-0.034876908,0.034958225,6,12,replacement
0.002319509,1.43E-06,-0.623894431,-0.000931732,0.002579324,0.001165868,4.86E-05,-0.25051545,-0.025378087,0.246357598,0.017894592,-0.120845862,-0.073999399,0.002183407,-0.074043078,-0.012018916,7,12,replacement
0.00683659,0.004059802,-0.332287387,-0.001392122,0.003296451,0.001626258,7.34E-05,-0.27638763,0.004473332,0.164189809,0.05671825,-0.090560198,0.024533985,0.025528768,-0.064789275,0.066293112,8,12,replacement
0.010428954,0.008012201,-0.219402679,-0.001284014,0.003794901,0.00151815,9.16E-05,-0.263974138,0.032615173,0.128135025,0.050381296,-0.110338652,-0.042561516,-0.025431392,-0.088389733,-0.013396648,9,12,replacement
0.012981078,0.010296448,-0.050630974,-0.001004058,0.004250067,0.001238194,0.000112224,-0.21484365,-0.002082488,0.127451106,0.052614198,-0.004409676,-0.000767499,-0.043573738,0.002375784,0.007690286,10,12,replacement
0.012918358,0.011203452,-0.127630523,-0.001366856,0.004461695,0.001600992,0.000115387,-0.217298646,0.006783613,0.085334027,0.110231753,0.005192912,0.011801953,-0.007344341,0.021441047,0.004805237,11,12,replacement
0.011998445,0.009212813,-0.235463545,-0.002012498,0.004871164,0.002246634,0.000117899,-0.211261684,-0.005411448,0.081255397,0.135875417,0.01612349,0.063611414,0.024457495,0.039617448,0.022245362,12,12,replacement
0.009710932,0.00724076,-0.506451751,-0.002051443,0.005093594,0.002285579,0.000124708,-0.18995879,0.013360677,0.041598737,0.086104738,0.035119202,0.042027419,-0.016678508,0.050548061,0.02753442,13,12,replacement
0.013501703,0.011551882,-0.368695218,-0.002624021,0.006117552,0.002858157,0.000159836,-0.111003305,0.050340899,-0.029510746,0.029149086,0.005391044,0.125225676,-0.051967697,0.046098541,0.151460609,14,12,replacement
0.003773887,0.005143843,0.48659802,-0.000148141,0.000992539,0.000384154,1.93E-05,-0.006755668,-0.003426374,0.031465831,0.002327041,0.020964018,-0.020541834,0.002779549,0.022209854,-0.023951894,0,13,replacement
0.001146712,0.001989192,0.259815542,0.000306895,0.000359987,7.09E-05,4.73E-07,-0.032580361,-0.012564707,0.105842857,0.034291374,0.04135481,-0.014565713,0.06020589,0.035261093,-0.016649615,1,13,replacement
0.000970006,0.001015051,-0.114303106,0.000355044,0.000532348,0.00011903,1.08E-05,-0.012763448,0.042210887,0.104209366,0.057014771,0.030515331,0.018774487,0.080541503,0.017989509,-0.010303985,2,13,replacement
0.00057656,0.001004485,-0.215188754,0.000337851,0.000638241,0.000101837,1.12E-05,0.068018944,0.022333746,0.146896924,0.029467472,-0.056424748,0.123382992,0.054859438,-0.097764114,0.058975832,3,13,replacement
0.00088773,0.001574873,0.010208334,-0.000102964,0.000863842,0.000338978,1.30E-05,0.046126618,-0.046392722,0.163063633,-0.004524943,-0.092756495,0.04864442,0.003659151,-0.119440924,0.006460103,4,13,replacement
0.000272708,0.002148858,0.004327436,-0.000459217,0.001650922,0.000695231,2.57E-05,0.07905564,-0.01570444,0.171020313,0.011515918,-0.114970925,0.056656721,0.035127471,-0.134984429,0.013853759,5,13,replacement
0.001992707,0.000782299,-0.028502273,-0.000425546,0.001883939,0.00066156,4.00E-05,0.050745537,-0.048646285,0.18973507,-0.022433517,-0.076062127,0.014745188,0.022956298,-0.117639933,-0.02988156,6,13,replacement
0.001820505,0.000951876,0.007941804,-0.000458523,0.002488061,0.000694536,5.34E-05,0.035280598,-0.044834015,0.196145342,-0.100140641,-0.043655235,0.055933591,-0.029366467,-0.097229433,0.015774055,7,13,replacement
0.004337363,0.001401654,-0.19110647,-0.000244452,0.002763252,0.000480466,6.69E-05,0.018993401,-0.034769918,0.201506398,0.004830366,-0.135041256,0.024107409,0.030482451,-0.143179908,-0.005564207,8,13,replacement
0.001049741,0.001971063,-0.446509468,-0.000359736,0.002956818,0.000595749,6.75E-05,0.002343845,-0.005936502,0.184210042,0.029231738,-0.093660686,-0.001853386,0.050120645,-0.114554229,-0.02188706,9,13,replacement
0.002597847,0.000468257,-0.342887651,-0.00056822,0.002940102,0.000804234,7.09E-05,0.034679424,-0.016634628,0.172572149,0.057976686,-0.053314244,-0.037508357,0.047765349,-0.07183474,-0.080243371,10,13,replacement
0.002723251,0.00029558,-0.354517102,-0.000401952,0.003075944,0.000637965,7.70E-05,0.033921866,-0.017189158,0.143642319,0.034237406,-0.060606489,-0.083619623,0.02588485,-0.093567267,-0.132007007,11,13,replacement
0.006567706,0.003620001,-0.19327359,-0.000384111,0.003791811,0.000620125,0.000102377,0.079825986,0.042826456,0.102847616,-0.035455763,-0.070397823,-0.008677204,0.007037503,-0.083792012,-0.096779828,12,13,replacement
0.006484899,0.003337475,-0.291938963,-0.000930044,0.004154938,0.001166057,0.000111027,0.083937984,-0.018124984,0.082780674,-0.011068382,0.003024686,-0.016423577,0.04137481,-0.059315721,-0.121110912,13,13,replacement
0.005474913,0.003504648,-0.520073536,-0.000494922,0.004404417,0.000730936,0.000121093,0.106394107,0.00347831,0.077565205,0.002731334,0.051518101,0.007590162,0.038835999,-0.000156896,-0.096366175,14,13,replacement
0.001591014,0.001499784,0.153076315,-0.000289642,0.001033883,0.000527308,2.08E-05,0.031257469,0.027729385,-0.050602808,-0.017519796,-0.017386623,-0.004115436,-0.018067246,-0.017015609,-0.004594717,0,14,replacement
0.003665923,0.003847198,0.139679673,-0.000294986,0.001983365,0.000532651,4.43E-05,-0.068390305,-0.003434381,-0.022958962,-0.037780892,-0.017187621,-0.009242277,-0.039727288,-0.010415887,-0.00860671,1,14,replacement
0.004817278,0.005319174,-0.064606487,-0.000565841,0.002521419,0.000803507,5.43E-05,-0.008814671,-0.015587152,-0.027445331,0.02077751,-0.048203126,0.026729917,0.014590096,-0.039453113,0.03774469,2,14,replacement
0.004997084,0.0060699,-0.137768028,-0.000480258,0.002954262,0.000717924,6.25E-05,-0.111709473,0.014979509,-0.013899087,0.091141463,-0.097137276,0.058539101,0.066757303,-0.10734121,0.033583285,3,14,replacement
0.007957139,0.010895801,-0.295748811,0.000161279,0.003518128,7.64E-05,7.39E-05,-0.069686524,0.057515084,0.00466573,0.070376353,-0.070139742,0.06152921,0.052520543,-0.051335443,0.062839002,4,14,replacement
0.007169826,0.009448902,-0.349411557,0.000844385,0.002837724,0.00060672,5.99E-05,-0.028908571,-0.027168845,0.05717427,0.094459291,-0.037171183,0.082162949,0.089543836,-0.011792194,0.024840734,5,14,replacement
0.003021373,0.005842957,-0.293712009,0.000896067,0.002288838,0.000658401,4.18E-05,-0.036318794,0.039373247,-0.001096427,0.183366286,0.146864852,0.057199286,0.210675291,0.147040094,0.017346773,6,14,replacement
0.000212648,0.002535018,-0.138228348,0.000911025,0.001780964,0.000673359,2.83E-05,-0.080101911,0.055073452,0.058321772,0.163085183,0.197229261,0.12547487,0.168567809,0.127863582,0.087696704,7,14,replacement
0.000380665,0.001947687,-0.12991869,0.001128334,0.001312808,0.000890668,1.47E-05,-0.067696656,0.058031241,0.099585888,0.008847306,0.186407197,0.048410692,0.017478888,0.109028952,-0.000809021,8,14,replacement
0.001691787,0.001333964,-0.063364452,0.000834574,0.001222912,0.000596909,9.64E-06,-0.05764425,0.11447698,0.119917058,0.045696234,0.222356165,0.04328955,0.063844393,0.16947758,-0.026799246,9,14,replacement
0.004579733,0.004226222,-0.033354622,0.000776247,0.001226723,0.000538581,5.46E-06,-0.079942674,0.131205065,0.114586151,0.060147044,0.281455907,0.034185961,0.08077475,0.167208927,-0.023048835,10,14,replacement
0.004992194,0.007199968,0.264693972,0.001172202,0.001461432,0.000934537,1.24E-05,-0.082934855,0.13743639,0.062193482,0.015769053,0.242068607,0.002604248,0.056201222,0.132851886,-0.059489723,11,14,replacement
0.006048223,0.010232485,0.34778741,0.001240915,0.001844117,0.001003249,1.71E-05,-0.08159954,0.138542832,0.083553324,0.045423806,0.227635805,-0.032186853,0.044530616,0.120923011,-0.073136339,12,14,replacement
0.00959744,0.009783818,0.376747926,0.001203445,0.002024924,0.000965779,2.74E-05,-0.079018911,0.130173811,0.132165983,0.032446025,0.184039942,0.005374521,0.031433124,0.08077806,-0.026258833,13,14,replacement
0.011105926,0.010166644,0.370542034,0.000917702,0.002145478,0.000680037,3.30E-05,-0.105167233,0.113189705,0.057846197,-0.051760957,0.143153118,0.038269381,-0.029544224,0.053362439,-0.016266931,14,14,replacement