var_error,es_error,kurtosis,mean,w2,mean_error,var_of_returns_error,acf_returns_lag1,acf_returns_lag5,acf_returns_lag20,acf_abs_lag1,acf_abs_lag5,acf_abs_lag20,acf_sq_lag1,acf_sq_lag5,acf_sq_lag20,generation,seed,condition,alpha
0.0017413632666774675,0.005311432894647666,0.46036743939901914,2.802519e-05,0.004816017889034114,0.00019957178208586453,3.573261520869024e-05,-0.00022728901834617244,0.014511697020274437,-0.028768609877423745,-0.005315365081083052,-0.0012349302470137157,-0.007154843654304292,-0.004908622542257737,-0.0009956237631131859,-0.007111200508121445,0,0,replacement,1.0
0.00194169768151721,0.0063280310894852365,0.29999295841683704,-0.00015327438,0.0049350309540723185,0.0003808713490610772,3.3803322287713364e-05,-0.02318132057992186,0.023450503925939403,-0.01023482474241988,0.00045219490438549314,-0.007023845698382798,-0.024138605134242312,-0.00421658884975746,-0.001733840664815196,-0.02418449909540721,1,0,replacement,1.0
0.004843829544455613,0.009849719371975013,0.2792539186236218,-0.00038315705,0.0046590203013380715,0.0006107540220722386,4.71740523862578e-06,-0.06371854330888127,-0.032274691803466524,-0.049739276351495505,0.004638015426423705,-0.03048889649850783,-0.07022431690478832,0.004168967513190992,-0.027121433897628316,-0.06742763986305093,2,0,replacement,1.0
0.005376991825372782,0.01080245491522605,0.02770013181231068,-0.0011315728,0.0050049289139898765,0.0013591697324767539,3.914121486740932e-06,-0.10521740363261328,-0.009835975290985448,-0.09314606717505822,-0.04605270211818561,-0.03430459821325967,-0.005950161041102244,-0.04028529970650826,-0.03346108010125927,-0.0054048629557520815,3,0,replacement,1.0
0.005514551485151852,0.011165175255716392,0.12497889956410058,-0.00086963485,0.004875102729657598,0.0010972318241141566,7.441759291391817e-07,-0.07330093236174957,-0.05044412162755444,-0.0939492213400697,-0.03483444926036293,-0.04209731772899645,-0.04262066375243465,-0.0196153412357437,-0.03489177192169415,-0.05829749304050831,4,0,replacement,1.0
0.0031135853102513197,0.00892892074245269,-0.0786938565325972,-0.00078278116,0.005324325367763072,0.00101037813599704,1.9262888520461694e-05,-0.1179440641016792,-0.05261218148381924,-0.047932319707441925,-0.06078360536050501,-0.1332986310394562,-0.03956786342384618,-0.01518228659348872,-0.11138354179611144,-0.07318903346811868,5,0,replacement,1.0
0.007046817029089537,0.013666834351003715,-0.09700870487420854,-0.0004745969,0.005168013709000828,0.0007021938626888969,3.4710482512313875e-06,-0.092929254757389,-0.03641049772324273,-0.1179803590814427,-0.08342374134176216,-0.14644740583601687,0.039624376680669926,-0.06930216750549564,-0.139229805059401,0.00853592846449588,6,0,replacement,1.0
0.005656720763266884,0.011574174877584525,-0.06622208614583158,-0.00022135899,0.005203788314910118,0.0004489559623647311,2.289993600497879e-05,-0.05359654805444131,-0.017262619609752797,-0.09610064594637606,-0.09145793793964335,-0.1185919060420902,0.0612102140031307,-0.052983930931131455,-0.09738625527101745,0.04227486317028955,7,0,replacement,1.0
0.005992872445107305,0.01288637113231475,-0.2345514518099696,-0.00037180274,0.005530996759823184,0.0005993997155923226,2.8571966970776394e-05,-0.0406508634961402,-0.013975433099696496,-0.11485726244575585,-0.12589401888890925,-0.12503108513287103,0.07790691722450242,-0.10899872887268675,-0.07770869808942776,0.04057112276880797,8,0,replacement,1.0
0.004456434706420508,0.011356383230865547,-0.24739366177692013,-0.000543993,0.005531901657881452,0.0007715899964563378,2.699397183532752e-05,-0.053750797222334314,-0.041130076925752004,-0.1622534308981965,-0.09095950167601125,-0.1014527141787848,0.09177401498297252,-0.054551872969381805,-0.041047636349063873,0.04663049861077136,9,0,replacement,1.0
0.003680278705627524,0.010524369445026466,-0.0024432813535648634,-0.00014425961,0.005429812556103416,0.00037185658309625623,4.0099062892114e-05,-0.029911282707546526,-0.07167199034949914,-0.1573572207392479,-0.0914069786170458,-0.07250412598924627,0.03981743130557596,-0.07107178038687068,-0.049682505586343316,0.003726411224680556,10,0,replacement,1.0
0.0061196712872095965,0.013855553832233497,-0.09813136292115932,-0.00015978757,0.0056090878182688975,0.00038738453893473533,3.669074241115637e-05,-0.023362067856998812,-0.06038748780706353,-0.11334713968856985,-0.07074279088370057,-0.07381252280384148,0.021443868604100438,-0.06526322967131912,-0.08611902248195956,-0.024482542307774875,11,0,replacement,1.0
0.0073557938171633155,0.01606894437629039,-0.07750043193096756,-0.0007494516,0.005776042166305539,0.0009770485457733103,3.750807983378805e-05,-0.028248921202001294,-0.0743173254965673,-0.07016396721971987,-0.08310521546944896,-0.03050211365946593,-0.05269991687530417,-0.07872654212470855,-0.04080595696144784,-0.06974941092935127,12,0,replacement,1.0
0.004097822690577117,0.012962031778276512,-0.4251375212737125,-0.0010096409,0.006511979274797442,0.001237237837794406,6.046464287719615e-05,-0.08814833142098588,-0.04855114875404007,-0.06513989528921407,-0.09840901269491531,0.06533002142363861,-0.12203892180485923,-0.10979079049595895,0.06253299296679449,-0.1546404207120574,13,0,replacement,1.0
0.001988304136126433,0.006722397771061012,-0.25991240225821466,-0.0008607291,0.007971057053177879,0.0010883260519943961,0.0001511726676770199,-0.11483136075954627,0.011960631242149378,-0.15089534589920905,-0.07679011438169943,0.016594233210758386,-0.048208898660374616,-0.11759282822579457,-0.010757377937119655,-0.026056713345302365,14,0,replacement,1.0
0.00026430116054495384,0.003954630013883659,0.33849134445619233,-0.00032967306,0.005131391689449404,0.0005702743642259973,4.811377133892358e-05,-0.003929890041011091,3.6564358070706594e-05,-0.015268511931006517,-0.013124966256897611,-0.014607335915372107,-0.019304646520750333,-0.013852893929313888,-0.013899605940817156,-0.019191396939925304,0,1,replacement,1.0
0.002688612761170474,0.006692327227771827,0.4425658886521493,-0.0006593673,0.004737098853057452,0.0008999686092366117,2.2673240021778946e-05,0.043116212628839,-0.030072543002519932,-0.0017480838268827774,-0.007246631231598545,-0.013731844129095382,-0.019721635463239753,-0.007899673528448293,-0.01302788708966448,-0.019815223670803274,1,1,replacement,1.0
0.004648590022892557,0.009293771948993751,0.40506003572918514,-0.0010803833,0.004694678532109729,0.0013209846206237216,4.979231601557439e-06,0.07403552616303578,-0.06021020199748691,-0.02860456308487224,-0.01834571133336329,0.011643328561879437,-0.0555403122159521,-0.016679824020318854,0.018641064352149635,-0.05077423894609837,2,1,replacement,1.0
0.0074704449160107045,0.012618414726436683,0.20252296685842675,-0.0008361753,0.004770309330990864,0.0010767765911523838,1.4673770198622043e-05,0.11696110772097232,-0.19422757722333348,-0.15279076452729723,-0.028520829173024974,0.023040689957801574,-0.04674780931141761,-0.04540479154936313,0.0637099927944095,-0.031888643915678236,3,1,replacement,1.0
0.008038224438399875,0.014320071455419608,-0.1291448252562124,-0.0006385588,0.00504276118418315,0.000879160127159639,7.357110877544875e-06,0.14772884420997265,-0.2329806278076579,-0.16101141714639516,-0.042371831117813154,0.02321549829647529,-0.048356680598684455,-0.03975341024936338,0.029854832159104824,-0.03930129812403581,4,1,replacement,1.0
0.007143073929668273,0.013734571304500648,-0.08611939962139958,-0.0009900163,0.005176902854770144,0.0012306175763015289,4.2576270361871027e-07,0.13269521323728,-0.22905072465298662,-0.16721260597261384,-0.08477294616662712,-0.015344422872344296,-0.14353074951524794,-0.0659325699331682,0.014466316224288544,-0.10435003361271558,5,1,replacement,1.0
0.008539439616919362,0.017054889019907066,-0.25402672640512325,-0.00080605684,0.005482015209839948,0.0010466581429582674,6.507526410767133e-06,0.15620518302111044,-0.279746648427575,-0.22770831356099083,-0.17162599488746674,-0.04950535614570479,0.010759107028117089,-0.12806136242214666,-0.06474119381278733,0.021518425961223858,6,1,replacement,1.0
0.009602213362426365,0.01838845167714412,-0.5270548482294362,-0.000403356,0.005781718937745724,0.0006439573175967323,7.468156542652542e-06,0.1428421716349019,-0.2744807343994226,-0.22460163319180465,-0.17436271528756553,-0.031834161751602065,0.041661087828286314,-0.13388827034599163,-0.04796008132807578,0.04969190823471555,7,1,replacement,1.0
0.008663852373332587,0.017453213822424957,-0.5255068953470561,-0.00060908654,0.005803972852721538,0.000849687842209323,9.607084354409272e-06,0.17878838720933193,-0.25192787531023025,-0.266742094599967,-0.1767166460607377,0.055056848571593195,0.07066351460263397,-0.1487799224133371,0.004932584028022513,0.07893543392961261,8,1,replacement,1.0
0.008217720659644212,0.017057213601053306,-0.7747902100004627,-0.0012285132,0.006570647160438676,0.001469114502914681,1.0916616741544311e-05,0.13523760930429451,-0.28353956257886315,-0.22974374232346723,-0.17270015375608266,0.016816297144254894,0.1999734296582586,-0.17668484108413532,-0.0002185607277821547,0.2138726136144268,9,1,replacement,1.0
0.0047893189733930475,0.013646874245584556,-0.6533739902879416,-0.0018141497,0.007055289393537761,0.002054750976175501,5.2511069082631474e-05,0.062413642727998216,-0.266290549048112,-0.22438145720580874,-0.21483502607617502,0.055206685816319746,0.2243897073726269,-0.2258708330986024,0.017436486306616376,0.13011408650690254,10,1,replacement,1.0
0.0006464433765121375,0.009214024659574577,-0.3612979422686675,-0.0015160716,0.006671847263958582,0.0017566729206819672,6.673466399961591e-05,0.0848519384656453,-0.3068922680568782,-0.21911422984335996,-0.19714517932407927,0.07761681004083343,0.13109994333125627,-0.19422511507074508,0.10162833264422551,0.04649950731789217,11,1,replacement,1.0
0.0006314573159523842,0.009449749853790351,-0.36762434884193196,-0.0012030697,0.0066748311607325835,0.0014436710030068297,7.522358195574463e-05,0.09525220845705892,-0.2977469111964443,-0.1928662151471496,-0.21734128726570126,0.04310421626318023,0.09812335960151954,-0.20726928586467772,0.05403739470822236,0.037420235447328164,12,1,replacement,1.0
0.0025235879143782544,0.011290717538774558,-0.38197577966888696,-0.0009206378,0.006509965305459338,0.0011612391085591752,6.943846805670739e-05,0.04768922794207288,-0.2730785164859039,-0.19369062187250102,-0.23552577005698466,0.03244588748298707,0.09949356576225048,-0.20920569715359316,0.08776897938578115,0.019076542103270804,13,1,replacement,1.0
0.0008202472979120384,0.007507010963142463,-0.3160706320638429,-0.0009749914,0.0067740427793312515,0.0012155927238282401,8.908305884988487e-05,0.007273111927778181,-0.24286541590633046,-0.20304908724060125,-0.2574815424106936,0.04677155185897373,0.02571452836044052,-0.23877100221593106,0.11304777126516483,-0.04807102108107945,14,1,replacement,1.0
0.002292550792723093,0.0008417774404888834,0.3660551964770904,0.0003985988,0.005771285927872049,0.00016664777040703552,8.409822696721478e-05,-0.0064447705083675475,0.021403564878906867,0.00489402840265826,-0.00816547667878495,-0.015287760405731937,-0.009262843035282305,-0.008405811228922427,-0.014430218500186245,-0.008215480305355509,0,2,replacement,1.0
0.005021277470319663,0.002395507279455117,0.16316628571081715,0.000769862,0.007100173383941667,0.0005379109582513417,0.000134900272701814,-0.015247789742927072,-0.01491963874805682,0.05851125639325272,-0.013999222378767582,0.017434001341844474,-0.005312938574531513,-0.017767002959780974,0.00906508913775913,-0.011447315010486655,1,2,replacement,1.0
0.0028856051618150816,0.0009565058682555472,0.23738565453269755,0.00048367257,0.006326299113308458,0.0002517215555649097,9.7796614159777e-05,-0.027132155789484726,-0.0001258855454113491,0.01843729972520892,-0.024657287253658275,-0.0035927641320016783,-0.03245328288392866,-0.02343303163563276,-0.011707897528359526,-0.03230898559659761,2,2,replacement,1.0
0.0040720651203683955,0.0017768445942992483,0.32577962338673494,5.3796826e-05,0.006238558341642881,0.00017815418932015678,0.00010110449732182844,-0.03277464598701392,-0.10388972150873467,-0.005600411133967644,-0.05965256514234314,-0.004221904390458005,-0.015097969434609757,-0.05792947193128029,-0.0063421892405276445,-0.01388060834211782,3,2,replacement,1.0
0.004136649882226381,0.0009284991357917105,0.34179999031097674,0.00033339413,0.006066964359931417,0.00010144311209431248,9.982855629077478e-05,-0.011962114350389973,-0.055341648823181426,-0.04897149852104301,-0.03681907976629466,0.004916483342119158,-0.027700986077332596,-0.040144218400097596,-0.0021292242184828255,-0.017846672217183803,4,2,replacement,1.0
0.003225578022926244,0.00018133256179039825,0.37524123484699645,0.0002877631,0.005907888131578767,5.581208943611341e-05,9.45468222433172e-05,-0.06045925421083248,-0.11383757996736688,-0.06524906198971771,-0.07865900866087343,0.01302321862071515,-0.02424312089940792,-0.051057289075964574,0.0094338603074915,-0.02157212254278198,5,2,replacement,1.0
0.002377057196766938,0.00848156925696189,-0.10798738188160106,0.0006060718,0.005713186687314295,0.00037412077045290127,5.3906960989295676e-05,-0.14447672181021912,-0.13456663667661298,-0.07842613199111129,-0.10889981091182421,-0.01998336675455553,0.02292719762803478,-0.08643144569239694,-0.024486007036848095,0.02626358784513554,6,2,replacement,1.0
0.001432556333214846,0.007807731297195503,0.007831658391690866,0.0008825821,0.005818172503047661,0.0006506310831405069,7.01610137419246e-05,-0.14464568160225566,-0.15286428916527817,-0.08283102212657684,-0.13220853138792862,0.018099713993734917,0.09127758460781672,-0.1259130374853498,0.003964603127899712,0.06010555329472061,7,2,replacement,1.0
0.0011279130449601063,0.007068108436048576,-0.017532970741271026,0.0010359915,0.005949957963248731,0.0008040404584839787,7.111518282344861e-05,-0.18013818928976474,-0.20488791632064654,-0.11157955662271861,-0.10449889572157392,0.037992213097436944,0.0897669046259984,-0.1078075038365423,0.03214416882146786,0.0866211447093228,8,2,replacement,1.0
0.000708114663333502,0.008473533805788108,0.018056955696457155,0.00044792396,0.005969473304317561,0.0002159729422651078,7.426474114781542e-05,-0.2098221670699569,-0.18965770553794742,-0.09225069675198375,-0.12587658905791071,-0.019220935182561363,0.0795381652783997,-0.12649527968219618,-0.011803719273902096,0.08787230392381566,9,2,replacement,1.0
0.00014338447692910372,0.008285980340421745,0.10700015658607587,0.00070270395,0.006950124881567809,0.0004707529381498541,0.00012290867964638694,-0.20961687480914742,-0.1419221333669895,-0.08988592358472541,-0.04636518388787854,-0.0030894917237003455,0.01685002408446727,-0.06084794741469025,-0.0031689178916390523,0.053290896684835755,10,2,replacement,1.0
0.002431051423578655,0.0060946491028671945,0.010814303894108424,0.0007918091,0.0075327829058740884,0.0005598580985911037,0.000145190746867045,-0.180060828514293,-0.1203733951694268,-0.12267278006967886,-0.050114900827771314,0.020652475486313705,-0.03917138877204733,-0.025515888068355558,-0.0021201964666637423,0.01048093337078827,11,2,replacement,1.0
0.003941513327687177,0.0029392388131027902,0.2262574322878006,0.0008187498,0.007357631473843269,0.0005867987577453102,0.0001439496722248785,-0.18788687071547303,-0.10126864471376584,-0.14920999827615253,-0.05123231471404317,0.048554291334594844,-0.03648909950130569,-0.07155743838413212,0.003583870912107999,0.026689897269744495,12,2,replacement,1.0
0.009427813729076778,0.00401799413901513,0.04409107554869074,0.00049255986,0.008302859155081952,0.0002606088467523302,0.00018437300098030193,-0.21722575934431307,-0.052385387301288805,-0.16886900126788176,-0.06948906983941101,0.03129677314660431,-0.028757679853717417,-0.0713141277271431,-0.04398407011383926,-0.009994828307667262,13,2,replacement,1.0
0.008311567632286944,0.004413593891679696,0.07459490109113487,0.00033389038,0.008260513918151146,0.00010193936150743025,0.00018185936135141475,-0.19923206425595416,-0.08902881359805725,-0.15469157468518122,-0.07111259454911446,0.042045504572206814,-0.033543555914619216,-0.07641751097081118,-0.04281031930946216,-0.022168050705976258,14,2,replacement,1.0
0.0009483150115319125,0.004379633482873985,0.4575801522896521,0.00026029398,0.004882922672633676,3.187246959037102e-05,4.2194559703065046e-05,-0.0004360177910666236,0.0026810654068166314,0.019740891214192754,-0.009362296952775196,-0.01035911896038847,-0.0037989220074496678,-0.010304852312817421,-0.010311941787972964,-0.004347533821697417,0,3,replacement,1.0
0.002177286194831936,0.005942035135210105,0.4117461314067925,0.00040390255,0.0047550786076732765,0.00017548104271604634,3.0383468604130634e-05,-0.004133123786454801,0.0014972890920496849,0.0020121904525630223,-0.007570886531876147,-0.014710581628936362,0.035063621564165495,-0.013432134925842632,-0.017096625025455347,0.033223168513540326,1,3,replacement,1.0
0.0042601095235057715,0.00810126182097251,0.6726733559341902,0.0008093366,0.004434678010438185,0.0005809150961072645,1.6662613254455813e-05,-0.024841991914860004,0.06760178311943581,-0.062191738007868,0.005229684899183424,0.0354594176457852,0.03686334929717017,-0.004606857217680894,0.03800061367741959,0.0324826837089803,2,3,replacement,1.0
0.006444386905253733,0.011258165952146598,0.475501999373809,0.00067625724,0.004469504838692618,0.00044783573586805675,8.97541851591874e-06,-0.045879866817140735,0.07421344618738669,-0.05229622926102463,0.026000571019456974,0.015636158991594578,0.07018596074972809,0.004347735878605468,0.030011312923672664,0.0748621340216117,3,3,replacement,1.0
0.004836277375192252,0.009903840389431068,0.7179868737926403,0.000872893,0.004421203354493529,0.0006444715171897313,2.9330855816086718e-05,-0.0599486696984741,0.08938650232817089,-0.0818676194127194,0.03341072252553204,0.013809662688080312,0.06376558577935322,0.01903145419632705,0.023931522854187877,0.04305998193517028,4,3,replacement,1.0
0.005828718124152029,0.011033147242248603,0.6249529255423876,0.0007809798,0.004355638708059543,0.0005525583027706942,1.773145142797936e-05,-0.0870283719388817,0.11187481065340116,-0.05078463196176181,0.04759258699889552,0.004977590252629229,0.06175868144191515,0.038707042699753016,0.028939706471578536,0.04860068445841724,5,3,replacement,1.0
0.005941114640057886,0.013674121018827506,0.36838866806269843,0.00026615345,0.004503560063327847,3.7731943776225216e-05,5.309834725638815e-06,-0.08152200201292222,0.11236129614370832,-0.033371810544835685,0.0674251174401545,-0.019987886163227477,0.09407945850857818,0.0770450509019402,-0.00042797115841478755,0.07563242600270534,6,3,replacement,1.0
0.005368992658526507,0.014038666751564094,-0.19218905817185705,0.00036306182,0.005990152020222004,0.00013464030682421244,4.944362537790645e-05,-0.053759284558632735,0.05201438164041102,0.02831030178960334,0.025149892923132702,0.025714927741063296,0.15640014986572184,0.0880376631453119,0.06159126519152824,0.11345374573500103,7,3,replacement,1.0
0.000662657609014905,0.006226244982660362,-0.3011064341339664,-0.00055541017,0.006746466217880034,0.0007838316751799085,8.867819362640936e-05,-0.09712744485744533,0.12216772615936457,-0.08331256409184794,-0.005651732313895212,0.10821826006209821,0.1332837495376479,0.044448924348497204,0.04343028949285558,0.14933468189165797,8,3,replacement,1.0
0.00019815335962096448,0.007893927064121314,-0.4028595399196182,-0.0006372842,0.007267773062229986,0.0008657056979058781,0.00010740901145473678,-0.09303627599021785,0.13283181427629898,-0.04566795139530831,-0.05642681641075279,0.07143060488973461,0.16639305918993205,-0.012345157650500658,0.050498191314412404,0.1993698815211132,9,3,replacement,1.0
0.002187603311807715,0.010854411539018699,-0.380263264557803,-0.00026692622,0.007389763531187557,0.0004953477265002676,0.00011278998956405182,-0.13709682839162618,0.08230854911375814,-0.023771294455496528,-0.03722193888611899,0.06301010729629772,0.13023476939286005,-0.005836203289608931,0.05602340000126526,0.13130313300028484,10,3,replacement,1.0
0.00120792052689115,0.007311381068409034,-0.45915397521338,-0.0010052033,0.007768419514439962,0.0012336248556307056,0.00012650787632302005,-0.1338871093278863,0.0752799557119012,-0.0098675125449835,-0.05297394264793891,0.11913120711066422,0.13581856468028541,-0.004620459910305917,0.08856832103658731,0.14079199222627412,11,3,replacement,1.0
0.0005645890066317688,0.007359027531326362,-0.3996193343762724,-0.0009828968,0.007857965506040074,0.001211318282984803,0.00013147194206104238,-0.13364090945857643,0.09926782593682675,0.03670105297150811,0.021137664672617337,0.06318952203080332,0.10609330929948482,0.03676972642709224,0.016264992065190952,0.09731285825473746,12,3,replacement,1.0
0.00275575513932029,0.0031854395236378397,-0.38842330769772726,-0.00075872825,0.007932514120828101,0.00098714975418211,0.000133310925796112,-0.12246719725723486,0.13076249748681598,0.08126934304982736,-0.028062191136720906,0.06726601991799891,0.1288062405967192,-0.027185990593132214,0.010536108773701309,0.12832879542911727,13,3,replacement,1.0
0.000150582837135399,0.008432205435216972,-0.5957615604399717,-0.00080691127,0.008302550800142874,0.0010353327753177383,0.0001363809142480101,-0.09975287697011068,0.11462297232658226,0.09896175366491067,-0.03271234087610893,0.0706524990330323,0.1278168728481875,-0.045672675049520946,0.023017243327625222,0.15133280621364606,14,3,replacement,1.0
0.00520742022451838,0.009731515910804817,0.36885575838661744,0.00056473864,0.004512545730083734,0.0003393912468080373,3.0608325629351936e-06,-0.008402372162466165,-0.03164303028635444,-0.029614380574250015,-0.011041505205576192,-0.018030817771585352,0.001964444556088409,-0.0111248948427819,-0.017198702858126146,0.0043308029597053516,0,4,replacement,1.0
0.007314372575105036,0.012099366303861686,0.35603062601286695,-4.2321746e-05,0.0044550493530760285,0.0002676691417665722,2.0862370553347627e-05,-0.03876834372163423,-0.03631660149203538,-0.04328510556993925,0.01761290919633561,-0.03523944021698436,-0.03535735273943739,0.01734169632135394,-0.034324916776621396,-0.03301128631463592,1,4,replacement,1.0
0.009128773240567052,0.01417954232949073,0.2640496166347077,0.00024091532,0.004580035069202921,1.5567928340561808e-05,2.6979602813641886e-05,-0.08378349148229072,-0.013272078612449155,-0.05263028035980783,0.020879786807366713,-0.030723662075662638,-0.016418273394316646,0.02181679544634487,-0.03509636135445973,-0.014454759386582116,2,4,replacement,1.0
0.009638977600456084,0.014452326711595603,0.47884498821087806,6.6699686e-05,0.004396783874762043,0.00015864770991281035,3.4853760559033016e-05,-0.13670201283619554,0.03446660040305486,0.010048242426199944,-0.018829124701680324,-0.035312061610800756,-0.009837717269538653,-0.013572361978379409,-0.042876581416143145,0.019475930660775295,3,4,replacement,1.0
0.00947672088649949,0.015132300224483558,0.09172237382332238,0.0006687197,0.0047933640129595185,0.00044337230631829813,2.3684918238702575e-05,-0.17238305065159498,0.09327541735072811,-0.013179655854801013,0.016953149980640715,-0.011083626874079992,-0.028262369147551498,0.016592153169985885,-0.02239222767822312,-0.03787816743793992,4,4,replacement,1.0
0.011692862520188894,0.01750815999168212,0.14978121946616962,0.0009771221,0.004943492650812672,0.0007517747128357144,4.415124113291071e-05,-0.20519124768523725,0.19500149589368249,-0.11567972902710258,0.05682388122785472,-0.07374259494814935,0.023408781194083406,0.043328830409725655,-0.07582879197450218,-0.0366957174328414,5,4,replacement,1.0
0.009728873027683105,0.016224333685219833,0.100509285183501,0.001076799,0.004877477413737341,0.0008514516068597288,2.952791965651826e-05,-0.15585507195816817,0.15562915230017574,-0.05812404454578932,0.03336887903334145,-0.12390181381930945,0.0823103526360947,0.01791473022847838,-0.10086283184355238,0.04769916551766738,6,4,replacement,1.0
0.009321086863250342,0.01683725569802577,-0.04187698481173152,0.0015535541,0.005171403361429697,0.0013282066922609657,1.5963657466615895e-05,-0.13410909164638116,0.13721450069008526,-0.042495561180520613,-0.024418740317641116,-0.11256510831401015,-0.023350410417325367,-0.005078146096313799,-0.0814374824548107,-0.0035618917186231655,7,4,replacement,1.0
0.006377320410878268,0.014484412636936256,0.0203592894781095,0.001449537,0.005188611549486675,0.0012241896022085995,1.7069951296640835e-06,-0.13588573131684212,0.11933417482042914,0.010655862125088584,-0.011619580955585278,-0.10362090983014248,0.10785565426037935,-0.02938193208318931,-0.042555871805035624,0.10365879569406068,8,4,replacement,1.0
0.008249197090239132,0.016171786602914878,-0.32330838493116953,0.0014079087,0.005713238561015369,0.0011825613457684368,6.015686261546453e-06,-0.18015338584899868,0.09000352706523936,-0.005104930083089962,-0.014997136817791829,-0.07622864554476211,0.11772681164741332,-0.021743901035887837,-0.052175307555246686,0.10688332418868522,9,4,replacement,1.0
0.007027986617953386,0.015859760012806007,-0.5486432132783943,0.0016361895,0.006488055895340501,0.0014108421293993444,4.0839336173687717e-05,-0.10156443133285373,0.007979187210657762,-0.05001904879817361,-0.048330960847680945,-0.08252051412585754,0.08565151483211071,-0.08971201500421695,-0.05216261223241816,0.018157591854242736,10,4,replacement,1.0
0.006148730395556298,0.014929163869798728,-0.4451270374585943,0.0017282738,0.006311819697354222,0.0015029264161338061,4.4764700754624446e-05,-0.08677731575760989,0.005277342391069972,-0.04832769122017817,-0.020204122801311803,-0.03401972227832406,0.07445104550691048,-0.07418411372114936,0.0005457622338088081,0.014853166108829021,11,4,replacement,1.0
0.0056741804910906204,0.014522406872690269,-0.40070105146234436,0.001427939,0.006154430955256691,0.0012025916496266574,4.381216148760601e-05,-0.05488385641492642,-0.0019361101225513593,-0.0263228462379761,-0.03682411844263624,-0.014569081793664389,0.04842581854526633,-0.10652124377471818,-0.01607459105341348,-0.02339390892964838,12,4,replacement,1.0
0.005867191693008745,0.014621983882368156,-0.39695815717257465,0.0010071245,0.0064763397310614165,0.0007817771531616302,5.946853797797545e-05,-0.06242853792988506,0.030168619472003343,0.0019524391392679488,-0.044150804940975265,-0.03221702194626532,0.034193146528380604,-0.09600648969587414,-0.04736346705856484,-0.009297011659094022,13,4,replacement,1.0
0.0031033152809449085,0.011587902572334358,0.028280909897059114,0.0016278137,0.0063295286839053855,0.00140246627982454,7.436024042692467e-05,-0.02716429190946261,0.028369673852622988,0.0035792226032144393,-0.09114008571919022,-0.07558450547364187,0.14466437665350046,-0.0782318961279953,-0.07118961080818542,0.06616565966034067,14,4,replacement,1.0
0.0008133209401659097,0.0027686279680138315,0.3967610005939437,-0.00077337166,0.00529848390515476,0.0010016261978349162,5.533891480624176e-05,-0.018409193136890444,0.007754397977930913,-0.035188098746602635,-0.00662717383652558,-0.011375250225891817,-0.010574131733337216,-0.009210192529816879,-0.01204061071876162,-0.011760666266343514,0,5,replacement,1.0
0.0008546648824504927,0.0029577199782734598,0.3428789533728773,-0.0012683133,0.0053215657050482215,0.0014965678012272788,4.783185822631664e-05,-0.0054693342484487826,0.038408072058081395,-0.07060520419590113,-0.023271083526385454,-0.0344726044212607,-0.0034844366325126053,-0.022815367818805894,-0.03393859097906358,-0.009477855226834739,1,5,replacement,1.0
0.0003091004213400736,0.004396613356054374,0.2937733237516027,-0.0018313905,0.005269522393818496,0.0020596450805938317,2.7763632077010942e-05,0.018779195064760567,0.05629181588727465,-0.07382545515945207,0.0070386633599540515,-0.06673021521562857,0.03173433495215475,0.013929188513452016,-0.06225236871000374,0.01939369259350967,2,5,replacement,1.0
0.0027920260002919084,0.006299629476249763,0.484630548537619,-0.0008095383,0.004594348912123698,0.0010377928294515682,8.90712935685612e-06,0.0325295738749951,0.08130394922070071,-0.03259239467026755,0.03228652022893216,-0.05455137661010685,0.07915312341579477,0.036972001514403816,-0.04970886231324788,0.06862479166830811,3,5,replacement,1.0
0.003938465016157237,0.0086377669538861,0.36067156986391513,-0.00071575126,0.004534938804543434,0.0009440057940124048,1.3565247811158526e-05,0.03032339993792667,0.1274367109088758,-0.021002271079148493,0.052477436487127785,-0.07130847036802973,0.07744025341667027,0.054064211966062314,-0.07063403928436339,0.04684857000937312,4,5,replacement,1.0
0.011207670020134057,0.01964790340918357,-0.3753885501161922,-0.00059976144,0.005491890543167753,0.0008280159701867474,4.485263680365436e-05,-0.002657704991771064,0.1485138796147477,0.027395292059216918,0.03958734323579074,-0.15506335281746833,0.05587443815291202,0.06007481442160007,-0.06202666134271865,0.022571198737327842,5,5,replacement,1.0
0.007792005231798495,0.016479974281371185,-0.33628608505378743,-0.0012059952,0.005584852450497392,0.001434249748130746,2.73503062108209e-05,-0.06758330457634225,0.1457383231670218,-0.003180020284412534,-0.026607186617656754,-0.128718347383472,0.046751696912910645,0.025411824369611737,-0.08867991694414824,-0.04706014098008965,6,5,replacement,1.0
0.008276263633937443,0.01695685614305789,-0.3202692947252035,-0.0013604055,0.00570210345379888,0.0015886600042036248,2.9670274399933743e-05,-0.08963621934893344,0.09179189507239383,-0.02546365191797138,0.04676128101209651,0.007013895599172321,-0.008930165964429446,0.060025418767056575,0.014652778416964267,-0.06457816227745912,7,5,replacement,1.0
0.007791681038410273,0.0166160554106837,-0.39856138668641394,-0.0012053696,0.005791217510749506,0.001433624132191248,2.7759142269161868e-05,-0.05469838809469643,0.0903325743266267,-0.055007531605199174,0.004910915443450997,0.020288968696873022,0.023068920485135962,0.034119432635445465,0.02819644144873852,-0.051871027045125105,8,5,replacement,1.0
0.026692365063160188,0.047463845792829445,2.6349881365442807,-0.0025285115,0.010143112614956162,0.0027567659883102847,0.00027979338874317206,-0.013104588505374557,0.0818524740929781,-0.24154095778420565,0.111019463119639,0.02851572683147885,0.18748460743758208,0.09209763912335764,0.01391174959056762,0.13717533528440157,9,5,replacement,1.0
0.02435092608425364,0.04598184335571473,1.3811394788730222,-0.0027482118,0.012187082278471737,0.002976466380645938,0.00037795353664293386,0.0486343093157777,0.1452136096619981,-0.2703144434661984,0.19700250974614214,0.02675897442418195,0.35515108797552564,0.18943919791098213,0.010961956190230564,0.3432397012526805,10,5,replacement,1.0
0.021079951477979537,0.04718865114790147,1.5412782094585387,-0.002020293,0.012260626988264014,0.002248547450294204,0.00039437444165557123,0.02306140325764626,0.16116719573510835,-0.2415497400475239,0.18507783063099545,0.02885986739968595,0.3504482167582247,0.20800920630692163,0.015816846007662692,0.3614757288162372,11,5,replacement,1.0
0.017123905783330756,0.04283996332031434,1.2146632887472544,-0.0019191052,0.012168854242228721,0.0021473597182235194,0.00038365142636209227,-0.008035384962247911,0.14552353884261307,-0.24748412143778797,0.18306743047382357,0.02561015494864871,0.33338446183620507,0.21866833362479537,0.013171441390561403,0.3700122834499745,12,5,replacement,1.0
0.02186654298547222,0.04263157058101838,0.9917748283018883,-0.0021754897,0.012558946611514358,0.0024037442082813455,0.00039930515440389015,0.023907389551826832,0.0973407344239501,-0.26798457604987286,0.10295340085701328,0.02709870782418669,0.26588179683309243,0.07806715901065124,-0.02700411430480458,0.3135101188018819,13,5,replacement,1.0
0.02767426270040952,0.034008983853876046,0.3734475754998057,-0.0022375146,0.012602943279156285,0.002465769127597518,0.00038789086492940284,0.030895618303699125,0.11758223083731383,-0.24527572052705537,0.050214224552059684,0.04306882932415686,0.27184243955110104,0.09249084389661318,-0.010508282818491992,0.30569085046751854,14,5,replacement,1.0
0.0016798481067725052,0.0052579563524132455,0.4896431634549159,0.00035432586,0.00477898861977594,0.0001156700414251996,3.558155832687949e-05,-0.022708579368116197,-0.034514294349996436,-0.00788605417378937,-0.00894742781629728,-0.017398501190437673,-0.011122928389788851,-0.009904452238146566,-0.0173737698226576,-0.012435477252533614,0,6,replacement,1.0
0.006513692802012767,0.011234998371780464,0.4139773949231098,0.000916087,0.004423221585096074,0.0006774311873708381,1.506162414917166e-05,-0.06996398396388656,-0.03128807794438126,-0.031000550515748796,0.0016942006811435104,-0.005260473714460272,-0.011091350745198446,0.007025753830359571,-0.011758682954382583,-0.012504793542377423,1,6,replacement,1.0
0.008088526157856789,0.012809801515520164,0.5550338691090491,0.00046251342,0.004401615681617975,0.00022385759396669397,4.049111056265796e-05,-0.05898856947288375,-0.016034956653825917,-0.02194760605282566,-0.004650890961503298,-0.005940013158704814,-0.021752466528957213,0.0032845773976946176,-0.01047831522094425,-0.02019461524885561,2,6,replacement,1.0
0.008728334577948655,0.013780239638269492,0.41983833903785595,0.0008893358,0.004546847770065676,0.0006506799941529049,4.293184509625102e-05,-0.04601642979014373,-0.021569548195269926,-0.07635660175791603,0.014000975250244557,-0.005958478134535198,-0.05362241277567985,0.0253500003153365,-0.02454198030589459,-0.058055229400964456,3,6,replacement,1.0
0.009205095945120659,0.014367065992534706,0.4974983808957103,0.0019323296,0.0045903182748809526,0.0016936737916078879,2.5498636100752304e-05,-0.03360511890249722,-0.019401370690681433,-0.09956286685862008,-0.0846412521159674,0.0020036027746303344,0.0916032386241567,-0.058944046622161135,-0.013345770060261745,0.07749657819571909,4,6,replacement,1.0
0.007182053579212033,0.009915552702129432,0.8041748707390508,0.0015148696,0.004406215422666352,0.0012762138026413037,2.9176981920687507e-05,-0.08606475754409819,-0.017202697895397034,-0.09642711745455806,-0.0650332606640291,-0.009823720202791602,0.035316886757501394,-0.047765573333199175,-0.03331928459930477,0.029867699586480494,5,6,replacement,1.0
0.006302361274332608,0.01367178898710067,0.3782102132128822,0.0023574964,0.005156970126890949,0.002118840591294737,3.9955396355440865e-05,-0.10014236979289201,0.024411653178233798,-0.09581633368780614,-0.10938666186734881,9.692904155105414e-05,0.014173042313416727,-0.08792830043006836,-0.03919257288827353,0.03077955212249202,6,6,replacement,1.0
0.005076770382196512,0.013316508051336357,0.3814586878612718,0.002497916,0.005267504287471483,0.0022592602868210985,3.295732211445833e-05,-0.123557345662416,-0.01354493848643906,-0.11239366300053602,-0.11104575243109929,-0.037541283834753754,-0.050784722445656086,-0.10659354821258607,-0.07393191303015928,-0.0001740696555625469,7,6,replacement,1.0
0.00536330000516852,0.013558875438154289,0.37158132188401627,0.0030314585,0.005546518980869998,0.0027928026497941925,2.722558464047874e-05,-0.09147932747482362,-0.0025159308101698084,-0.14300634069278448,-0.10888165000345994,-0.12940727389212694,-0.011809511028167262,-0.12869132895088145,-0.13305514312529634,0.01659427537176771,8,6,replacement,1.0
0.0014584061971016776,0.007954660471857139,0.7218135931583025,0.003050313,0.005476526936120031,0.002811657275317283,1.7472396289309512e-05,-0.05618492714571741,-0.007144648680897754,-0.12106392033174938,0.0017976776858948731,-0.08642745743466967,0.06699602972230152,-0.05513466453877911,-0.0911575144831946,0.1261809911316321,9,6,replacement,1.0
0.0017888854911633362,0.008419330831945487,0.6804727055396245,0.0031968856,0.005298440006529496,0.0029582297534328414,5.234774003116439e-06,-0.09617144804579333,-0.06231437496211276,-0.051322980581646666,-0.03145825103632102,-0.08906855006593087,0.0725417847464883,-0.07361718351343659,-0.10305687957925065,0.05805309679029052,10,6,replacement,1.0
0.002887790845901572,0.009328290488899299,0.3501813549823556,0.0032218453,0.005578430645526983,0.00298318943126318,7.905774644259111e-07,-0.08720172973311387,-0.07075083748564225,-0.05563928118177829,-0.019679450895779934,-0.030121344870964902,0.0652906840933994,-0.06343701216934237,-0.06773868833469417,0.06239387321550757,11,6,replacement,1.0
0.0012840507829479306,0.006611022767007896,0.2122981414278602,0.004428199,0.007419641001156764,0.0041895432036947915,9.218836304607426e-05,-0.027932735818062247,-1.4195817071476857e-05,-0.09214701356446008,0.005694779983104744,-0.17031978480519774,-0.05491435991055133,-0.04604635598565647,-0.1322825041857379,-0.07671640163506138,12,6,replacement,1.0
0.0025969179442234883,0.011069941934526512,-0.2739739461824904,0.005160637,0.008777373227607837,0.004921981376839847,0.00011665676821830307,-0.006034599945030698,-0.04173282094935318,-0.139965843269374,0.04933374217549844,0.019810335199380087,0.07659591060772074,-0.005929507820013971,0.025377852764241128,0.019392964158358984,13,6,replacement,1.0
0.0017394795546225653,0.006529852416694709,-0.2169376066657902,0.004409457,0.008741539733869824,0.00417080126820323,0.00013360029071445202,-0.04582052022153751,-0.06250261053588288,-0.12209934429675257,-0.019636327426299855,-0.04670397110387311,0.0780308548867159,-0.06255848993913915,-0.06204842585451828,0.012942167114950456,14,6,replacement,1.0
0.0006319642907091014,0.004079889174879142,0.5017637940089097,-0.0004927201,0.004954010204875259,0.000715172430808039,4.3892400078894214e-05,-0.02714184731540673,-0.04175486165447792,-0.006720096102069971,0.002299884958298448,0.001284083940468383,-0.009326094103932613,0.001623125693722033,0.0029896017878420366,-0.009734403256857049,0,7,replacement,1.0
0.0009054039141245737,0.004775333818376609,0.39280484096219404,-0.0011250466,0.005001848093887969,0.0013474989569097176,3.287302047987433e-05,-0.04075466655206877,-0.06902318887457859,-0.03644490850287977,0.007388819935021795,-0.01130697079177753,-0.004933956630376758,0.011614546858495759,-0.013296756679051856,-0.001028736138472193,1,7,replacement,1.0
0.00443534717914542,0.009174946364343711,0.6339422646647854,-0.0011577314,0.004495088309673356,0.0013801837226658478,9.010287378495915e-06,-0.051958658942758994,-0.07791290738843593,0.009888833102069299,0.030404047568902696,0.002486575522368234,-0.02247370146809537,0.025711868934197274,0.0023135841123803035,-0.010233434065026864,2,7,replacement,1.0
0.010645892108053768,0.01617575589972789,0.39761498327152855,-0.0010490941,0.004904929606076609,0.001271546457736136,6.101100347428618e-05,-0.10421668420572248,-0.0666906027005741,0.13938312594597477,0.01843124946215313,-0.0030441806606258284,0.06568476519669642,0.027917927448708742,-0.011696643587354142,0.07686409662549742,3,7,replacement,1.0
0.010177376540572252,0.016293428507030555,0.08169212989361219,-0.0011430375,0.005100076900942606,0.0013654897807448521,5.838315313872917e-05,-0.11234791816479874,-0.05993142484535595,0.16508989810722807,0.010800478032697703,0.026033833867563295,0.16758176888299983,0.047660857408929044,0.004134287243329313,0.22310679980765763,4,7,replacement,1.0
0.006089992458195293,0.011987585243166038,0.6495113287810099,-0.00057990575,0.004112307619699907,0.0008023580772153452,2.9444115845999105e-05,-0.1532741685870236,-0.027059649552334416,0.06628018014591235,-0.01927036992042011,-0.09135904284998339,-0.028580731440041585,-0.055155083438100404,-0.07642719863534253,0.04342503238653911,5,7,replacement,1.0
0.006224288186252917,0.013796697970808097,0.4724411031874891,-0.00083224574,0.0043384062955752955,0.0010546980661622599,2.51501803561583e-05,-0.11703902210865631,-0.059416112624634504,0.04335892347659373,-0.02147446402174937,-0.046910888162632065,-0.04659949972136108,-0.05481319928387597,-0.04160234966903641,0.04108187739039235,6,7,replacement,1.0
0.006559025375367011,0.014112773951471397,0.24676927713614427,0.00019310597,0.004383414254640607,2.9346355893963632e-05,1.4756765942601843e-05,-0.14194760898165898,-0.03515188765482242,0.05737027121839792,0.0016854644752682176,-0.031051027569474372,-0.06326682895705144,-0.017383080680822453,-0.013773845486674895,-0.03153964098489889,7,7,replacement,1.0
0.004118176782698241,0.010011166002929756,0.6380408039058056,0.00068790524,0.004696117694711564,0.0004654529152155503,2.2516378756099956e-05,0.02106257901902809,-0.08532370375332467,0.09471896449259397,0.08997263278880993,-0.1634354658023707,-0.24696237105688273,0.06791417184650961,-0.14310400279529298,-0.17248430077799135,8,7,replacement,1.0
0.0058965410387226,0.01397708397764022,0.38685934458379867,0.0011456051,0.005070126780648437,0.0009231527914941892,1.23922329819292e-05,-0.0024735112471432614,-0.05700661352851859,0.046164611329023185,0.10651631285695043,-0.15338957613777945,-0.05121849325317427,0.14522269601620505,-0.1437286948061902,-0.041793557201786465,9,7,replacement,1.0
0.008461602134824598,0.016971313994706222,0.10868025312131113,0.0013055899,0.00516908628034924,0.0010831375952527508,6.511876797722296e-06,0.01758740085513002,-0.0441216677321954,0.015717029111566024,0.17889022528369813,-0.18481231297030154,-0.03933877614826293,0.20152707042290555,-0.14792210440647788,-0.07095209172924659,10,7,replacement,1.0
0.01019199338761052,0.01871372912484462,-0.3529923211003032,0.0010592638,0.0056639043141509205,0.0008368115054160938,8.472310817287878e-06,0.04482455149460378,-0.059260917369446144,0.09173368845729857,0.10972796131387422,-0.13995011552748018,-0.07720161627966193,0.13893448340132036,-0.11010806161191825,-0.10973627095891834,11,7,replacement,1.0
0.011390189202696886,0.020532468002617904,-0.4832768075361815,0.0007033072,0.005972809164605063,0.00048085489512389744,8.729152121068553e-06,-0.002014350583018309,-0.039006574511967464,0.09670609612059447,0.056930427917036966,-0.09885478770097496,-0.053186458551075295,0.07437681360972621,-0.09019154776169372,-0.06349591540300978,12,7,replacement,1.0
0.00696877173128644,0.004621260199367455,0.019034616715592367,-7.0433816e-05,0.00762376516072441,0.0002928861390848995,0.00013956635326188953,-0.11486485635606827,-0.1279187925140804,0.312964341057248,0.20628659680379496,-0.2206096401679287,0.013821385002226915,0.20693021661445452,-0.16821229823430933,-0.042439310787768775,13,7,replacement,1.0
0.00649303789231101,0.0006757487024670328,-0.4073543765800749,0.0003618806,0.008032328575870615,0.0001394282848757341,0.00013858238185797782,-0.08739648312835056,-0.11673320687544808,0.2945585086073982,0.1517489271811653,-0.23650414968927685,0.03497256339177711,0.13799324129755094,-0.18709859293640038,-0.03601614775320922,14,7,replacement,1.0
0.002833451302916609,0.006913337525308677,0.38428869551380496,-0.00049439876,0.004654434116797032,0.0007274120689014037,1.1958379799631642e-05,0.003983319561952843,-0.01521455742675952,0.001238548608314047,-0.011990679424006893,-0.00881866491785114,-0.014912191747366287,-0.011771348337927803,-0.007964618918290513,-0.016049646397717457,0,8,replacement,1.0
0.007614009538859927,0.012489847507656165,0.3602871565014998,0.00028436663,0.004432877957654878,5.135331963020668e-05,2.1782811346332325e-05,0.030387423930609902,-0.024026666386941675,0.028512719757565027,-0.017125652417672943,0.005758213803371092,-0.02976373874046845,-0.014140509688730554,0.0012050369525475006,-0.03376236097423741,1,8,replacement,1.0
0.00887537821215471,0.01386848058956916,0.3471447347028258,0.00020436278,0.004493690062198219,2.8650534606358848e-05,3.373333889698495e-05,0.08123841013565966,-0.012259960044016825,0.04200798393320719,-0.0013574831643621626,0.025229937722086062,-0.04812128583472579,0.0012773267337898215,0.026499864620665115,-0.05724903193418356,2,8,replacement,1.0
0.009839296275944317,0.015492215421379157,0.11484995602470294,-0.00021806864,0.0048541484150013735,0.0004510819525800709,4.679749541623403e-05,0.08462121228433568,-0.0658230253622662,0.02414799858028476,0.004854513672944043,0.05854682675484099,-0.07849953626412798,0.0017445324190856163,0.05527649149848369,-0.08810590599517183,3,8,replacement,1.0
0.00952065811511954,0.01477134194630439,0.24697759400817132,0.00026644822,0.0047561089368003675,3.343490612524853e-05,4.8886029945554926e-05,0.09211510266039273,-0.04035393949331561,0.05875268302319539,-0.013399280848486104,0.029437828439786495,-0.051429072634366864,-0.0152670260656366,0.02671051753902959,-0.061603168893591624,4,8,replacement,1.0
0.008956562290162649,0.014473873790681907,0.13493287163060774,-0.0005465784,0.004830565829460151,0.0007795916862430115,4.511880102740486e-05,-0.009282896359826381,-0.11016572627236922,0.08440482465698795,-0.12461715571073964,-0.10074050825084843,-0.02940931617486074,-0.11812334977661512,-0.11043713949211342,-0.058627330130626015,5,8,replacement,1.0
0.010606568129927722,0.019219239842475005,0.20429641854583158,-0.0011514506,0.005098474755586319,0.0013844638705829222,5.866026764210199e-05,0.053879415036714444,-0.16469710353713615,0.06835430071746393,-0.08233343866238475,-0.22455271502687532,-0.11770162652529993,-0.07991442445687856,-0.19094533075181694,-0.140994295650517,6,8,replacement,1.0
0.010741922008068169,0.019566179853261062,0.06538531088255084,-0.0012067823,0.00511776958350996,0.001439795607385977,4.891912100078423e-05,0.06330344044854495,-0.1468365062975425,0.06256448097172139,-0.03401210580766185,-0.11893918530128667,-0.16771945546921255,-0.030908334294067828,-0.12879979656401655,-0.16008570132367964,7,8,replacement,1.0
0.00571568512377223,0.013419299986541816,-0.09864281564142674,-0.0008769368,0.00508233711766391,0.0011099501388723094,1.4296840491573109e-05,0.17759753316273819,-0.09118270304460904,0.07655950943197737,0.009516472473322346,0.06108616720897364,-0.07383252290319853,-0.009046276718215588,0.012934490446863003,-0.09736737180208485,8,8,replacement,1.0
0.006748985154748761,0.015568982478559562,-0.29685531267075627,-0.0009422338,0.005460442922870096,0.0011752470854314108,6.48032288240154e-06,0.16469838615623877,-0.12696759600424182,0.09301740640444515,0.014631873271421167,0.032685562530235406,-0.1028326748344434,0.009135049831588441,0.008092198472088865,-0.10967883450153254,9,8,replacement,1.0
0.005896786330462301,0.014401439246118614,-0.4155518148548474,-0.0013361278,0.005889792188178786,0.0015691410625929077,4.238923465033279e-06,0.17946995922102227,-0.15283942340206258,0.05871625373032638,-0.027308340749346405,-0.007149513448810211,0.011955211209682466,0.052710133153563696,0.0004404314501474649,-0.042202254935600925,10,8,replacement,1.0
0.002513453299374191,0.011105697270811149,-0.4470399450796281,-0.00038839862,0.006669442323817055,0.0006214119311532069,6.948044177902977e-05,0.12445691115131147,-0.05432005456970726,0.19353446491066012,-0.03581341105921017,0.009700036353649091,-0.07377059399636622,-0.02858384060290398,-0.00472097606862758,-0.011307510979994044,11,8,replacement,1.0
0.0020444524755783913,0.01080979373711402,-0.6377523999145689,-0.00017537332,0.007134325354027144,0.00040838663330004256,6.764601279342662e-05,0.10949480962861544,-0.06956909424726834,0.18718102416620166,-0.04218369830985669,-0.07358218287087032,-0.029693156901450562,0.02765987683299202,-0.06584919936242052,0.09452515027198764,12,8,replacement,1.0
0.0019141723683186451,0.010736979212940284,-0.5471250161535774,0.00014149255,0.007163874687867691,9.152076012623205e-05,7.919006169600527e-05,0.11793200799490533,-0.04682203345588184,0.1875094773622464,-0.10024279798685033,-0.1081977270772511,0.06462494124008135,-0.035608253731000086,-0.05387501121349467,0.10611348442483713,13,8,replacement,1.0
0.0006787943190046178,0.00940504264491851,-0.5183923787967539,0.0002683303,0.0072291548355102,3.5316992633224585e-05,8.87215370667551e-05,0.0868896743998562,-0.07753224858755077,0.1723549977599346,-0.1733796424017001,-0.05296030105013901,0.07222317083191199,-0.07162960794977491,-0.04067588844610954,0.07095810269400563,14,8,replacement,1.0
0.00313938279655656,0.006926484074771949,0.4366034170412423,0.00094716094,0.0047933932585499444,0.0007082265191959379,3.0021771192656287e-05,-0.013627913541296784,-0.018346098504343978,-0.008743357012765306,0.0021449785450753187,-0.004158850398169889,-0.000878878180692769,0.0035783488541568545,-0.004450526299357699,-9.238866397176193e-05,0,9,replacement,1.0
0.006610864633888807,0.01124719124692733,0.30776945791893295,0.0012370476,0.004615378622705652,0.000998113185192102,1.4485644780905759e-06,0.045866305890252555,-0.05268497525451961,0.0007849151381761001,0.027905644833977793,-0.016621686575212583,0.026387712228384846,0.02948736767768213,-0.02026192387290684,0.03333290546809825,1,9,replacement,1.0
0.006712120017231312,0.01184564795750434,0.10621593063723589,0.00047369857,0.00477644159848856,0.00023476415386108435,4.196458133043178e-06,0.05271594358944069,-0.04914482338451848,-0.02865011564439185,-0.011955052560440224,-0.002741731839057559,-0.020464777943481727,-0.012794982337106063,-0.01239645723296488,-0.01502059142315876,2,9,replacement,1.0
0.008650045292646492,0.014942954894483634,-0.01962496557119131,0.0013411334,0.004922964488434071,0.0011021989602843462,5.360803231491319e-06,0.07865744605507871,-0.056049619909959436,-0.0038209870893007284,-0.019444577730343696,0.05148302444150697,0.01952157618266333,-0.02412102129835888,0.045809954818942726,0.009329394175211928,3,9,replacement,1.0
0.007083198586673344,0.013927872892797538,-0.05941761366397991,0.0006970037,0.0048761676578686405,0.0004580692593256173,2.0526867490156165e-05,0.08400349787003042,-0.021857062778694654,-0.058588757090091564,0.002250683673573801,0.035157627760437016,0.07427097308961349,-0.0026495867655055923,0.02419543702258554,0.050154412926345114,4,9,replacement,1.0
0.008630550848514641,0.014154530730426856,-0.20528663959949212,0.0003463377,0.005312090661515148,0.00010740328885299838,3.6539460313400797e-05,0.06236300765749478,-0.005210423058715456,-0.09112767827022843,-0.05596987107098394,0.044095769522026936,-0.016968523630261755,-0.06212131205260559,0.008546789527263817,-0.044539739924498487,5,9,replacement,1.0
0.007248463267654982,0.015298504051149436,-0.2807921088905916,7.7545854e-05,0.005226748577135355,0.00016138856430620202,2.6744929971067778e-05,0.05812777100994025,-0.00574961501064237,-0.0626646693743284,-0.01795666858401145,0.014245274939174726,-0.1264547787756822,-0.025644859036152354,-0.026165770537419506,-0.1524067723586364,6,9,replacement,1.0
0.0007972179075785499,0.009240217175663062,-0.504842971429146,-0.0007614152,0.00665479424619732,0.001000349645478076,5.623644984803481e-05,0.003908707866764608,-0.044384764111325796,-0.06557449058189997,0.10436907548878625,0.11968043486759335,-0.07549596762430742,0.0745048026285749,0.057710797519144603,-0.07974102921485947,7,9,replacement,1.0
0.0006706881428054923,0.008088346239507743,-0.5286533271219795,-0.0004474087,0.0069760238147724895,0.0006863431217832329,7.270166544254256e-05,0.022858324091333333,-0.06437096580450104,-0.059296043580047,0.1164787686673469,0.04902400473100871,-0.0006084750423244608,0.1261042157681971,0.0016665414855090493,0.0091223246324922,8,9,replacement,1.0
0.015437279334097304,0.00791084799510186,-0.10075197399820235,-0.00030531854,0.008512369282443975,0.0005442529537001463,0.0001646214573272629,0.03765708051435638,-0.01793496922292581,0.023626485052596558,0.10571431101118883,-0.015796593695954216,0.04461677731137189,0.11070202927367866,-0.023653742347418343,0.037797448127161765,9,9,replacement,1.0
0.016499747810690794,0.008679814967929772,-0.17526522533957412,-0.0005838195,0.009001617968498849,0.000822753939287162,0.0001846609579959078,0.01359818362953797,0.034758205304663004,0.024757578537274127,0.000820399971296521,0.03178428919066279,0.022144423619801307,0.052190414584018324,0.02722233030086845,0.03126978978972563,10,9,replacement,1.0
0.018119588633804716,0.011095501813709191,0.09155648712498632,-0.0005693463,0.008634890941779258,0.0008082807208163502,0.00017823110694076253,0.009323362165094093,0.03624441123723191,0.022616129437234962,0.014460886778888524,0.06188794424151594,-0.012307231461001933,0.051154657403417944,0.043548480039040716,-0.0033265174798995617,11,9,replacement,1.0
0.016876479638545903,0.008216418657123498,0.010784959782617953,-0.00043672667,0.008516894744258683,0.000675661084683037,0.00017168702335107458,0.029251126048456227,0.04286103601244471,0.03955300172471787,-0.02016660744745998,0.09509801627954101,-0.005159241187044566,0.02300838007648671,0.08652347424093845,0.012158371286741083,12,9,replacement,1.0
0.018667523963182366,0.010307215485393456,0.11569027212691951,-0.0011794195,0.008514763272796334,0.001418353876074201,0.0001707902761270417,0.0016869799600663716,0.04696353563988082,0.06356594301961031,-0.03650531073500992,0.07558504788299703,-0.08750909820002599,0.016845011228317122,0.09473834491172006,-0.047426652128168656,13,9,replacement,1.0
0.01841850782725135,0.012483097944080285,0.0033987439085545468,-0.0011410778,0.009012731054148073,0.0013800122569998564,0.00019294556706223024,-0.03383614112170127,0.024354851501136025,0.0920263927415084,-0.06445457699231716,0.1030654460514253,-0.047062172370826216,-0.003350553364179311,0.13006988303972275,0.010859378230821958,14,9,replacement,1.0
4.6261725752748395e-05,0.0033156793977623666,0.407788068152807,-0.0002542782,0.00516811217512692,0.0004837529795584006,5.278021293100434e-05,-0.03470885488003223,-0.014773016767079712,-0.032081190493455716,-0.008145589702548181,-0.011730990132777069,-0.007902703624108234,-0.00647964362141768,-0.011239670092814426,-0.006650098503151965,0,10,replacement,1.0
0.0013826506307431097,0.005036320206106254,0.3609475812879075,0.00071935874,0.005331514186546391,0.0004898839451964276,5.790308371991383e-05,0.00944672805371851,-0.03268970213582995,-0.01118930235915918,-0.02713289142492285,-0.0073300128314527785,-0.0094802930148749,-0.026951559944821075,-0.009252000413861046,-0.007645805275226639,1,10,replacement,1.0
0.0037556078380056243,0.008526254114091941,0.19629794320348548,0.001016511,0.00540695872806176,0.0007870362078431325,5.0414973733616046e-05,0.016241099396383872,-0.05082098474304157,0.023290866952901848,-0.0432583602131089,0.011970738654279089,-0.014070808314655526,-0.044419737254783646,0.014221011800963123,-0.024754831728702003,2,10,replacement,1.0
0.004639162058205214,0.009506757971227714,0.14543526727936262,0.0006878772,0.005354914707716161,0.0004584023899990397,4.3164278244269065e-05,0.02695143159770251,-0.014191954695793561,0.05960135439592293,-0.09085134392875621,0.008508697183459498,0.007104130584675757,-0.08473290164296347,0.012385136925572743,-0.0019209639445828678,3,10,replacement,1.0
0.007901443476051893,0.014062877413213798,0.04305148270805503,0.00081978925,0.005226412052513035,0.0005903144538062888,2.147493963469284e-05,0.10427510433036964,-0.04681681778374447,0.12750220168062767,-0.19329346046483756,0.07569782063746686,0.007076213202184213,-0.16917794240113457,0.07344596492147652,0.00967640068451562,4,10,replacement,1.0
0.008895758846969214,0.015682330023825714,-0.25740432619099973,0.0008768841,0.0057227636244962955,0.0006474093006584125,2.4520801011142305e-05,0.09629962579568106,-0.041021830881172464,0.11321917397696048,-0.14283300874188504,0.03302839813235874,-0.008317549088619935,-0.14267254093414294,0.019345009382588565,-0.02663167966069138,5,10,replacement,1.0
0.007498264992804135,0.01318527352470214,-0.2094190652219292,0.00096901646,0.005673191622477612,0.0007395416669207888,2.9439406565991215e-05,0.061663254512721845,-0.03809139639122068,0.10582349411138539,-0.09708321057142738,0.08040559924356021,-0.010305326299810043,-0.11194881839822925,0.0596327787203694,-0.006490125224509077,6,10,replacement,1.0
0.004681056561143003,0.010076507594764778,-0.1825287470610384,0.0011157145,0.0057393017340031495,0.0008862397571685987,3.736245874654966e-05,0.013793543017543493,-0.04825787307766957,0.14634064359158175,-0.14261674990907122,0.09294770194425576,-0.0008730052536558644,-0.1302878009519928,0.09284286962441911,-0.017791998760018163,7,10,replacement,1.0
0.003139232890874949,0.00827828761595542,-0.13877739860445404,0.0007445167,0.005712066615542189,0.0005150419365274983,4.572729252152609e-05,-0.012331340376934506,-0.0492743905314257,0.10230944403559054,-0.1594201198060451,0.11622415682864357,0.05832448998353686,-0.14005682375096337,0.0949342647508787,0.03798607178111531,8,10,replacement,1.0
0.00432067644801816,0.009595077153623649,-0.158447908099832,0.0011399299,0.005898919920511379,0.0009104550754311757,5.866803424772339e-05,0.0018871424705480385,-0.10087672514792312,0.1497967386512142,-0.17030536555467848,0.051205601830523674,0.10323643977140605,-0.16567091798721728,0.0360157424580821,0.07845612296906655,9,10,replacement,1.0
0.0010210198631592643,0.007998503413379737,-0.1351230272486319,0.0017790518,0.006399592922691195,0.0015495770549061971,8.11283333260985e-05,0.009666932927262036,-0.11317496767982457,0.17219297147364615,-0.17045344937715193,0.08187542290372425,0.1085192722901791,-0.20429169663359587,0.07148555072449679,0.09496935002818334,10,10,replacement,1.0
0.0018775902783580642,0.00776811283487136,-0.15482657265535238,0.0017303393,0.006718299104043238,0.0015008644604715782,9.609361025844233e-05,0.024241421452185587,-0.13417772905931422,0.20351593727679437,-0.16332634784892006,0.12031988014377594,0.16089341147970632,-0.19390138858739786,0.126223041091394,0.1626124630253051,11,10,replacement,1.0
0.003338259952337351,0.009093816992223808,0.03444842734170761,0.001602718,0.006240849967883099,0.0013732432325962263,8.67155702818604e-05,0.020055824702587086,-0.1321850802520089,0.2121813385296619,-0.17216389062464463,0.09887251096966222,0.18384520366102466,-0.15930339219129988,0.10036913483773173,0.1744498342978378,12,10,replacement,1.0
0.0020975669195958044,0.010518781509578773,0.03811724759202528,0.0019045281,0.006266418586255453,0.0016750533304768877,8.460053671490865e-05,0.07514144337215406,-0.11589308919972618,0.20632986062085892,-0.22611383563769205,0.14923377165940874,0.1553700396637064,-0.1969786808258904,0.17003604099698924,0.16428479203375168,13,10,replacement,1.0
0.004059347296328154,0.012281410064876624,-0.23695553751685594,0.0034426104,0.0075085929737345,0.003213135589252718,9.602029770952182e-05,0.06055862596947968,-0.0035562301665237783,0.1777621769729467,-0.1440881174401807,0.08500054295562516,-0.07287404258887839,-0.13237856638358547,0.09041613950490053,0.008071397416243442,14,10,replacement,1.0
0.0009290667155675073,0.0024094094004040445,0.4426440827779716,-0.0001233231,0.005458469148242207,0.0003528402604814411,7.129149047817803e-05,-0.039223473277557895,-0.009505716495541137,-0.057074787577340705,-0.020547975371924793,-0.0022631537801657956,-0.0076697505839270095,-0.021492410970351757,-0.002131973559066722,-0.00841580254757456,0,11,replacement,1.0
6.406540962973495e-05,0.0031829361285572733,0.7195493471178058,-0.000897743,0.005012986409193995,0.0011272601415356414,5.125309575509048e-05,-0.05170779475802549,-0.027779003211646898,-0.06230811380903501,-0.001363039021471156,0.004298580145594987,-0.01124001198073931,0.005613308639977031,-0.001533151702911344,-0.01063148010492177,1,11,replacement,1.0
0.0004377719292334645,0.003209888603866645,0.6865021789329213,-0.0006422728,0.0050973183321384894,0.000871789977415444,5.990450039665914e-05,-0.02504872518046014,0.0013349732743531092,-0.048656851906701847,0.02106931664601421,0.013656442914464566,0.0029571836323943087,0.033544892341878366,0.0013753847915911701,3.9525093504627054e-05,2,11,replacement,1.0
0.005227884771496855,0.009889851924360343,0.14133764876760058,-0.00057991204,0.005001673544501714,0.0008094291998958007,8.715330061239665e-06,-0.03729827145432193,-0.003688302171358923,-0.06273856830444541,0.03671286514781163,0.008014635756772508,-0.0011306229132298483,0.06182266214970889,0.016976874583716533,-0.0002409132026730008,3,11,replacement,1.0
0.0037086260041304456,0.009177669551551887,-0.08170793627146233,-0.00070630276,0.005410707336373539,0.0009358199178194419,2.6482374543992346e-05,0.02464456677188505,-0.03962080763674618,-0.07255496335202931,0.05952277903069323,0.038078863649691146,0.0400747136177682,0.06799121456217685,0.03543894646917209,0.02412999220355608,4,11,replacement,1.0
0.0032273610403843744,0.0071914751495724405,0.14067241131974573,-0.00088421116,0.0054488928707652606,0.001113728315564783,4.017566856622464e-05,0.014361788582095426,-0.015730673563043533,-0.07874460856179817,0.09355488049164541,0.1107972818447224,0.023481750193408982,0.09096154122579901,0.0920859718619868,-0.011755251780247077,5,11,replacement,1.0
0.003928435417086686,0.008075173613012382,0.03964504210076614,-0.0006139641,0.005621217607654357,0.0008434812636067883,4.3099992346686786e-05,0.02777351661878811,-0.030811045050153182,0.01453406908547283,0.10598905202423162,0.06319311029955242,0.03953022063033768,0.10617965118626262,0.052234960686781254,0.0036194157391425024,6,11,replacement,1.0
0.004097074726790988,0.008482824679792472,-0.15005722701779733,-0.00037469654,0.006087615806210701,0.0006042136966669724,5.520260196339107e-05,0.036846133376202295,-0.026817519759668364,-0.03525794643934969,0.11481527683222284,0.0766995100266622,0.06112058902256295,0.0944933718777481,0.07402028393669446,0.025371313237651467,7,11,replacement,1.0
0.003240749547452536,0.007460627373636314,-0.28170816975183,-0.0004676223,0.006461726229856722,0.0006971394624514297,6.992203883986688e-05,0.03756462039660368,-0.008844353158780762,-0.05560093584688161,0.042898509781184264,0.12640228700452225,-0.020676379176701027,0.013434327740432139,0.12157109991188945,-0.03249532825610626,8,11,replacement,1.0
0.0015917445814319503,0.006606351252973625,-0.21590798696076519,8.247325e-05,0.006631418732353637,0.0001470439102803149,9.133940215382493e-05,0.012066809615062459,-0.012703362940862545,-0.005896783398580006,0.03298042976577201,0.058815446223528044,-0.02364855647229142,0.0034126272199679264,0.04205030066690921,-0.059299143905706786,9,11,replacement,1.0
0.0011371469965287123,0.005226354714811393,-0.04729208127944862,8.164269e-05,0.006619460666209612,0.00014787446811793156,9.857531289729989e-05,-0.0021180673084411866,-0.026540599013014605,-0.0021273388518212094,0.1109775416606625,0.025284871380912115,-0.013990255350280402,0.10687308561839366,0.028666422986753298,-0.06003842011172335,10,11,replacement,1.0
0.0018133565133520019,0.007721833553493568,-0.3648424204020202,0.00014663948,0.0068964373359658064,8.287768391424574e-05,9.271612974975026e-05,0.011841115612939566,0.022291108748776822,-0.03219794582655414,0.02801928866995032,0.07869052573282183,-0.04521840636284795,0.0401618397657911,0.07319216170217005,-0.08935810571876177,11,11,replacement,1.0
0.003945360379488075,0.012534308847368308,-0.05762879794976561,0.00013540387,0.0066148346231823816,9.411329042164393e-05,7.600843559179223e-05,0.042221971464142624,0.006294288228797744,0.006838245078954857,0.03047463115291679,0.15226216721140134,-0.05648492335622926,0.03816463678728704,0.17517316259886714,-0.1102102734236408,12,11,replacement,1.0
0.0045567298775621295,0.012775871571481773,-0.11486092995183173,0.00024078444,0.00709665475087742,1.1267284983789848e-05,9.474714055817342e-05,0.004693405074051503,0.0009835817187135248,-0.06343948127386333,0.014582496811795994,0.15784589402801147,-0.08263495688332026,0.006813733029744858,0.1836096510846101,-0.1374590518676487,13,11,replacement,1.0
0.009504907531469285,0.007151935580789498,0.19362732746454014,0.0014071283,0.008168358685143083,0.001177611134019701,0.00018787186012763298,-0.02689117522561425,-0.06261130972862472,-0.047543125350461284,0.06928719597995148,0.08740762402780124,0.007887809479093337,0.04326814259362232,0.037418562388214255,0.021315700645159755,14,11,replacement,1.0
0.0008486679101280328,0.002448513772666999,0.4299681378155755,-0.00033306493,0.005213491160751484,0.0005658823107474311,5.7486339851855735e-05,-0.003261938849815308,-0.01404229650716229,4.0175367874621594e-05,-0.012491996979206102,-0.013423593974670104,-0.00898175479634177,-0.01250434136045844,-0.013410524241074879,-0.00943395948093904,0,12,replacement,1.0
0.00267637063768586,0.006651576277196952,0.3912511693669747,-0.00047072995,0.00472413634768601,0.0007035473287210627,2.0982816845751802e-05,0.04380764153212692,-0.05024026639881348,0.007355652670358288,0.004484950499333445,-0.011468791235732027,-0.0029678352493281066,0.0032558365830788363,-0.013994271843087271,-0.00470849624548212,1,12,replacement,1.0
0.006780266510517205,0.011316865351379463,0.33668516732741827,0.00048126804,0.0045493575912938814,0.0002484506652585403,6.009152361549934e-06,0.033452533080837565,-0.06951556241627231,-0.03145800137322194,0.01061751145149327,-0.019909319411292942,-0.008624332940211315,0.01029072922365593,-0.023548813089036252,-0.014747064261895938,2,12,replacement,1.0
0.007810157938123549,0.012625999417484352,0.19538367515641175,-0.0004269144,0.004642588133173787,0.0006597317739029243,2.342420056684365e-05,0.08982805530999954,-0.0070490770634868685,0.025923860522971347,-0.0011367100180736946,-0.012781348351990381,0.007767343788228149,0.009068791290425999,-0.017625074348364838,-0.0010265364323611469,3,12,replacement,1.0
0.010009379154265727,0.014633495029390403,0.26282420061236955,-0.0004173631,0.004869626809889828,0.0006501804788236334,5.668621897221034e-05,0.10594351860422824,0.030400144097569626,-0.0016299574204563924,0.006577817051299218,-0.04167520875441894,-0.006272550659700295,-0.014819138382905194,-0.046633226638514484,0.008140690421027733,4,12,replacement,1.0
0.011915510809243527,0.017208065506399223,0.04855387870740202,-0.00021578735,0.005096720227908801,0.00044860472973555466,6.298911911890333e-05,0.06866523987628965,0.05597398526959705,-0.017526692763127585,-0.053915800023850616,0.027223969011159078,-0.0034167564675800072,-0.09640998173570453,0.038689983681069996,-0.012273957873170054,5,12,replacement,1.0
0.01097275198456725,0.016459753405631133,0.004865657059805795,0.00029331906,0.005148897062759509,6.050167883626977e-05,5.5593246447280546e-05,0.09325698045650278,0.013062267018248952,0.05387266548657672,-0.06444043159642593,0.056504363626987256,-0.0006653883625093089,-0.08447951977362946,0.07390544278121848,0.010754252108510179,6,12,replacement,1.0
0.009617971675664985,0.016749901365817138,-0.17100528488054278,0.00045879843,0.005388154455027919,0.00022598105295441905,5.8477989018321534e-05,0.06755756708280294,-0.09968415120193364,0.049957324819837154,-0.09732532635228616,0.07767988973559381,0.1330152603811519,-0.09537578318182043,0.07570649136085623,0.17046765127897065,7,12,replacement,1.0
0.009179121134997213,0.014854862954795905,-0.2248281450835088,0.00034827355,0.005312821948652543,0.0001154561717889444,4.5206642330050965e-05,0.06235393826738789,-0.09419879492026698,0.05948401660222257,-0.11960180121906779,0.07126906826563154,0.05639750231759233,-0.10371932478723084,0.051957933038092645,0.10996966002677246,8,12,replacement,1.0
0.008161358246774282,0.016833379533470222,-0.23301816317170543,1.7650667e-06,0.005224056965228522,0.0002310523097954067,4.274976972246965e-05,-0.00964076817849485,-0.0504874786324613,0.08337127827516375,-0.08659981579188962,0.06385447929068284,-0.03613078909362343,-0.11920696223625077,0.06630560586595341,0.0015858620205023803,9,12,replacement,1.0
0.005343294451207722,0.014177571650922843,-0.31071376361827774,-0.0010767585,0.0055048833313344515,0.0013095758664526803,1.7806695627406736e-05,0.04654718491423222,-0.08283349211652993,0.0032133079290413364,-0.13782362436843473,0.03496346485304125,0.09462823716625117,-0.14477285910661417,0.055149623116861314,0.12641447062526526,10,12,replacement,1.0
0.0037120579278179036,0.011396299716413566,-0.2078751553561795,-0.0011211445,0.005479588537997456,0.0013539618854516012,1.1303954028882583e-05,0.02174213765627678,-0.09096896649874711,0.048684113703160926,-0.21015639657354732,0.1327607541685084,0.1040337887631344,-0.19893197922440353,0.07376656864102976,0.1588248645544495,11,12,replacement,1.0
0.0015907574540086622,0.009545832541168281,-0.2755740499955621,-0.001489513,0.0057309884613977145,0.0017223303481110198,8.241887467555205e-06,0.07911580407924225,-0.0822699402098407,0.05894938929691765,-0.2002294699753997,0.06907936809975315,0.1245228976654631,-0.1818926910962657,-0.008399535612725027,0.175131879509556,12,12,replacement,1.0
0.0016717321330598917,0.006069965329349586,-0.1802743725340088,-0.0020280406,0.005917800664188409,0.0022608579644107086,1.105421970841984e-05,0.07052350712715,-0.052739282392249946,0.04135268753734214,-0.13524706297269842,0.025234582463244382,0.04630131473464286,-0.1429863518937501,-0.05324809154928298,0.07090029163735442,13,12,replacement,1.0
0.0018823601210407395,0.006990953948677131,-0.062812650434108,-0.0017290119,0.0056652060731346,0.0019618292613991363,2.4360680168136457e-05,0.059207961614913075,-0.0557442880127378,0.016795208829848488,-0.13700518612684043,0.006188165724542057,0.12237609590920068,-0.14966421713990066,-0.04492448650054413,0.1276750269258154,14,12,replacement,1.0
0.0014154909828595283,0.0018811818625336374,0.4447509818756057,-0.00040434438,0.0053791873221198825,0.0006421440257218288,6.668643957356257e-05,0.011645958165349373,-0.026529520461755565,0.00656026233377259,-0.013383045933558458,-0.0012374019781412223,-0.003242022965757642,-0.012520793577552492,6.76590034609406e-05,-0.002961394559631955,0,13,replacement,1.0
0.004830918433339201,0.00928655606168563,0.4407329853332791,0.0004825262,0.004463800237063362,0.00024472655151108334,6.018399040943811e-06,-0.028793499045827776,-0.03795272100446981,-0.04333024740926965,-0.011347451125786234,-0.003158929228949602,-0.00527043115956338,-0.009277017463402993,-0.005387151839684493,-0.005417108484709022,1,13,replacement,1.0
0.005410345839531032,0.009611420002163001,0.5302303373875077,0.00027915277,0.004305259053469227,4.135311702335311e-05,2.60217009225594e-06,-0.03017878074457591,0.00895499305713079,-0.07217308627180069,-0.05430393725563621,-0.039857519576888954,-0.01692095368692184,-0.05610959026461172,-0.04761698252410099,-0.018040958424684173,2,13,replacement,1.0
0.006608407208890523,0.011514264759004661,0.7359921680460881,0.0010134872,0.0040472543710457064,0.0007756875793456478,1.8143615556151738e-05,0.0355601585425129,0.035577431552434424,-0.08622489450150808,0.004349715825428239,-0.10479676415003314,-0.03496693577989188,-0.011265107541170157,-0.09890384659830688,-0.027332424096003474,3,13,replacement,1.0
0.008908686312110031,0.014662779536426612,0.5646791170201975,0.0022062121,0.004563768882599424,0.001968412493635659,2.318550493681537e-05,0.07649354861708176,0.04370317761610688,-0.08364759695861451,0.029966330149776628,-0.009389189302679835,-0.03606976922937141,-0.01157054529710983,-0.04435982720676885,-0.017867005207687782,4,13,replacement,1.0
0.007047691876263227,0.01398774203318412,0.3242558277662506,0.0020162356,0.004658909450632608,0.0017784359597607894,1.712844484599041e-05,0.08769330673222021,0.06390026934762902,-0.036895756751564986,0.09397053344717021,-0.03728231618277155,-0.038929375340792424,0.05470865232499634,-0.05138182229334878,-0.07493135756805282,5,13,replacement,1.0
0.005951255625308356,0.011349562224329063,0.24471959237632301,0.0013120512,0.004750099501813259,0.001074251552392487,3.153568493315684e-05,0.11172562437682775,0.04089138913661364,-0.002170149260322487,0.0752723292431661,0.00040234313631937234,-0.0914374865297375,0.050805824856925474,-0.017748461585525028,-0.11748569046731945,6,13,replacement,1.0
0.007355522616029585,0.015006806370199272,0.015871745734152398,0.0013983891,0.004915501738322687,0.0011605894624262495,2.3571712766976227e-05,0.09986484756167323,0.03809157353388832,0.02102288263441251,0.08387744230629614,-0.06523704080882614,-0.09766954026174376,0.05806477621899576,-0.0712891162060272,-0.13176207254680308,7,13,replacement,1.0
0.004954642700225914,0.01213847440141494,0.09112889688788783,0.0010557228,0.004784486633526912,0.0008179231745197816,1.4019224430636634e-05,0.09520193266735777,0.026319188034864056,-0.014723343460856688,0.06307935118319982,-0.09888991327820736,-0.10783029748471279,0.014982336645240193,-0.10080762993584669,-0.12879178374037586,8,13,replacement,1.0
0.0025903088694520723,0.006674836989820548,0.5073185204252302,0.00068280153,0.00439293395053889,0.0004450018832466943,4.221288940140178e-06,0.1092707478244271,0.016444260279409293,-0.0575497159179375,0.019303014553962997,0.024136853903530125,-0.07348000496269637,-0.02136651197492302,-0.03405283283486005,-0.09145285996372095,9,13,replacement,1.0
0.004969157623321174,0.007787946280420371,0.24501950366511016,0.00041656304,0.004694207182082469,0.00017876338916899694,1.2987485866791437e-05,0.11029867397735532,0.05419999314377336,-0.001758760812387634,-0.01222474479497693,0.14468232265693132,-0.08856141576919101,-0.051884609114229555,0.04913648694640847,-0.0816834745170627,10,13,replacement,1.0
0.00440245998111255,0.0016795654262905801,0.2627593425271093,0.00050684053,0.005057890832679986,0.0002690408810048742,1.8045004004410336e-05,0.1226288938404049,0.12698999801333774,0.044603745197462116,-0.0018137514164284268,0.12593052584554526,-0.13998768961521182,-0.0008593170422026361,0.0449236155163214,-0.13187055955543087,11,13,replacement,1.0
8.469973710189399e-05,0.001791126694858619,0.2664234264984908,0.00056669145,0.005081738522834678,0.0003288918023935897,2.8538215452602933e-05,0.11090083110479126,0.0743933155000204,0.03674324710342314,-0.014565487457139861,0.15665218411853135,-0.2266657924058306,-0.041831884412125736,0.051319809653874254,-0.17632217627410537,12,13,replacement,1.0
0.0024634160378879597,0.00488679889184182,0.8348556412844879,0.00076708035,0.0052268943059065424,0.0005292806972756429,3.318678111655904e-05,0.12768414363227762,0.05012931105801503,0.06386490487019417,0.12094173360807288,0.17278585553208356,-0.18558861889227782,0.020070478733314506,0.04730682406244403,-0.14187581954761722,13,13,replacement,1.0
0.007867690427034425,0.0031573962007159506,0.7320513036609664,0.0008356456,0.005377940643474051,0.0005978459457873745,4.558079283571137e-05,0.12849689461421598,0.031023289557906883,0.09824884142736498,0.05064534210715656,0.16410745267286292,-0.16282804171985904,-0.007734430525706427,0.0568089482351269,-0.13827734988525295,14,13,replacement,1.0
0.0002681821489624106,0.0030713450576668466,0.46629219789555787,3.5839355e-05,0.005204455252927498,0.0001862348055146407,6.0237780993537405e-05,0.0300543268489781,-0.029559059608164115,-0.011595520513705057,-0.008540867599777064,-0.018268839019552986,-0.010295244626036976,-0.009317571518454927,-0.017959096313297236,-0.01124452835662469,0,14,replacement,1.0
0.0027140739282675644,0.006570722576559135,0.4353364687853363,0.0009173281,0.004951072879796929,0.000695253953235852,4.1181407717720965e-05,0.026099409653218903,-0.005068534626414553,-0.023275184432011174,-0.010993001445997528,0.00518735167631093,-0.008680890479591656,-0.011870641061961604,0.007494671223014088,-0.007986455472132455,1,14,replacement,1.0
0.0031183256676503082,0.00707962703365142,0.48431120894917257,0.0003046878,0.004576034973944879,8.2613636404904e-05,2.3159413680167297e-05,0.03972743118386421,-0.0633751672592907,-0.0377289773932175,-0.027703184827488472,0.002442536552956721,-0.01305986213391261,-0.030110719455094408,0.005233457821041422,-0.012193658363836396,2,14,replacement,1.0
0.006497581331253853,0.010729234334409782,0.7364683608604348,0.00068579434,0.004467430710260262,0.0004637201762671344,1.5120149904595116e-05,0.04254018670390813,-0.04921513570359882,-0.0008882699518352687,-0.05472540627338992,-0.02739907980183745,-0.03982729061432054,-0.056253518845001585,-0.03630866075088438,-0.03986740946114891,3,14,replacement,1.0
0.007906475877583828,0.013278796937645027,0.46159177184285083,0.0015327652,0.004591330699556803,0.0013106910608622008,3.610559937277237e-06,0.037597229378305105,0.023464964081961158,-0.07841406379085877,-0.0766110466988795,0.006046630102374455,-0.0017921626155180167,-0.06180928724415826,0.0440130189022237,-0.0057424626734906194,4,14,replacement,1.0
0.008762620138198937,0.014875314798534461,0.38878088915558173,0.0016250476,0.004676622830785239,0.001402973486474412,7.85690223545452e-06,-0.0032901209900096083,0.06811151277585402,-0.10299905342873013,-0.14722545385714325,-0.024967831342130146,0.04997001567122646,-0.11610662869851898,-0.03448072651017652,0.05238473983411354,5,14,replacement,1.0
0.009749195585221852,0.014615930285633155,0.4935082911134403,0.002186946,0.004709565076960564,0.0019648719442921453,1.2387437314993342e-05,-0.006698536869993939,0.047803978900473144,-0.10469067184543929,-0.06893627746532398,-0.032941739661742804,0.014000207981766167,-0.054828912835269035,0.00968317866805818,0.014405828064278156,6,14,replacement,1.0
0.010241166567624416,0.01689880308169181,0.36670198659992526,0.0024724766,0.005155783793468872,0.0022504024071532064,2.9052159667282006e-05,-0.07017779621435316,0.03922234460301953,-0.06629210860412559,-0.031094804690355637,0.03730459297918888,0.0402913456006926,-0.028242886402802213,0.06474593620532511,0.04014716029115225,7,14,replacement,1.0
0.010672885487050619,0.017295948829830238,0.4466255598527362,0.0023837301,0.005164860046870861,0.0021616559805261665,2.7249235578148266e-05,-0.027523657402311545,0.03281625266412076,-0.06685843544701522,-0.053607370628942115,0.0947303348144808,-0.029002043842524305,-0.04149517367612961,0.10966396723824355,-0.01407240702280551,8,14,replacement,1.0
0.008602536292941176,0.016556609090745994,0.4566240919422615,0.0019317233,0.004805566641027896,0.0017096491627308303,2.0484399434445998e-05,0.0002657286617647416,0.07590192628826181,-0.09615770867087729,0.01058055060461824,0.08886829567981941,-0.018545132448234816,-0.024461644433145524,0.066354578386248,0.005749088286307508,9,14,replacement,1.0
0.004884168813199606,0.01258119535106475,0.8942735723508215,0.0017416973,0.004246901277057679,0.0015196231523441845,1.1311323183855614e-05,0.006640895750509161,0.0945344815839147,-0.07199991418467769,-0.026030110642053107,0.12213927360544663,-0.056437315153319574,-0.055718687842450064,0.08346774037660881,0.0018357361972142308,10,14,replacement,1.0
0.00657711585071763,0.015069525357664176,0.972465261792864,0.0018199007,0.004244303742259309,0.0015978265417652899,9.004233439719876e-06,-0.0015066749915337984,0.07941149659189345,-0.09580440846640965,-0.06868253024045705,0.03985490488645818,-0.021703376099261106,-0.09050042556487188,0.031954154095625346,0.009353384708488423,11,14,replacement,1.0
0.0060634189939208875,0.014672852721393653,0.8973119285864253,0.0018583803,0.0046397661666727034,0.0016363061129959994,6.293918553472856e-06,0.02552108937401128,0.06499844594871243,-0.08168517638628596,-0.05444512986710749,0.00016765540851350976,-0.05788061500389715,-0.08067363343841527,0.03944741716180668,-0.0017817025341058247,12,14,replacement,1.0
0.005745013216704932,0.014166261669576713,1.010337531260003,0.0024424524,0.004831633078661946,0.002220378197162109,1.2510831433081428e-05,0.003039026256444375,0.03212606924437995,-0.05477538828339243,-0.06731491140841579,0.04578991846961268,-0.022936010790247492,-0.09593856840563367,0.0609208497886233,-0.03018004843117573,13,14,replacement,1.0
0.003228030400545208,0.011741250422180244,1.2275739980498193,0.0029995802,0.00486091317019235,0.0027775060715066963,2.1315103944124082e-05,0.006635537756542672,-0.00044094669803683244,-0.09412468548542152,-0.08670308946338237,0.060375442699113956,-0.021587441557322885,-0.10067432274329713,0.07526393818963248,-0.04609515772322021,14,14,replacement,1.0
